{
	"parent": "block/block",
    "__createdwith": "opl's Model Creator",
    "ambientocclusion": true,
    "textures": {
        "side": "blocks/log_jungle",
        "top": "blocks/log_jungle_top",
        "particle": "blocks/log_jungle",
        "mushroom": "blocks/mushroom_red"
    },
    "elements": [
        {
            "from": [0,0,0],
            "to": [16,16,16],
            "faces": {
                "up": {
                    "texture": "#top"
                },
                "down": {
                    "texture": "#top"
                },
                "west": {
                    "texture": "#side"
                },
                "east": {
                    "texture": "#side"
                },
                "north": {
                    "texture": "#side"
                },
                "south": {
                    "texture": "#side"
                }
            }
        },
        {
            "from": [9,7,16],
            "to": [10,8,18],
            "faces": {
                "up": {
                    "uv": [6,11,7,12],
                    "texture": "#mushroom"
                },
                "down": {
                    "uv": [6,11,7,12],
                    "texture": "#mushroom"
                },
                "west": {
                    "uv": [6,11,7,12],
                    "texture": "#mushroom"
                },
                "east": {
                    "uv": [6,11,7,12],
                    "texture": "#mushroom"
                },
                "north": {
                    "uv": [6,11,7,12],
                    "texture": "#mushroom"
                },
                "south": {
                    "uv": [6,11,7,12],
                    "texture": "#mushroom"
                }
            }
        },
        {
            "from": [8,6,18],
            "to": [11,9,19],
            "faces": {
                "up": {
                    "uv": [6,11,7,12],
                    "texture": "#mushroom"
                },
                "down": {
                    "uv": [6,11,7,12],
                    "texture": "#mushroom"
                },
                "west": {
                    "uv": [6,11,7,12],
                    "texture": "#mushroom"
                },
                "east": {
                    "uv": [6,11,7,12],
                    "texture": "#mushroom"
                },
                "north": {
                    "uv": [6,11,7,12],
                    "texture": "#mushroom"
                },
                "south": {
                    "uv": [6,11,7,12],
                    "texture": "#mushroom"
                }
            }
        },
        {
            "from": [6,7,17],
            "to": [9,10,18],
            "faces": {
                "up": {
                    "uv": [6,11,7,12],
                    "texture": "#mushroom"
                },
                "down": {
                    "uv": [6,11,7,12],
                    "texture": "#mushroom"
                },
                "west": {
                    "uv": [6,11,7,12],
                    "texture": "#mushroom"
                },
                "east": {
                    "uv": [6,11,7,12],
                    "texture": "#mushroom"
                },
                "north": {
                    "uv": [6,11,7,12],
                    "texture": "#mushroom"
                },
                "south": {
                    "uv": [6,11,7,12],
                    "texture": "#mushroom"
                }
            }
        },
        {
            "from": [7,8,15],
            "to": [8,9,17],
            "faces": {
                "up": {
                    "uv": [6,11,7,12],
                    "texture": "#mushroom"
                },
                "down": {
                    "uv": [6,11,7,12],
                    "texture": "#mushroom"
                },
                "west": {
                    "uv": [6,11,7,12],
                    "texture": "#mushroom"
                },
                "east": {
                    "uv": [6,11,7,12],
                    "texture": "#mushroom"
                },
                "north": {
                    "uv": [6,11,7,12],
                    "texture": "#mushroom"
                },
                "south": {
                    "uv": [6,11,7,12],
                    "texture": "#mushroom"
                }
            }
        },
        {
            "from": [7,12,17],
            "to": [10,15,18],
            "faces": {
                "up": {
                    "uv": [6,11,7,12],
                    "texture": "#mushroom"
                },
                "down": {
                    "uv": [6,11,7,12],
                    "texture": "#mushroom"
                },
                "west": {
                    "uv": [6,11,7,12],
                    "texture": "#mushroom"
                },
                "east": {
                    "uv": [6,11,7,12],
                    "texture": "#mushroom"
                },
                "north": {
                    "uv": [6,11,7,12],
                    "texture": "#mushroom"
                },
                "south": {
                    "uv": [6,11,7,12],
                    "texture": "#mushroom"
                }
            }
        },
        {
            "from": [8,13,15],
            "to": [9,14,17],
            "faces": {
                "up": {
                    "uv": [6,11,7,12],
                    "texture": "#mushroom"
                },
                "down": {
                    "uv": [6,11,7,12],
                    "texture": "#mushroom"
                },
                "west": {
                    "uv": [6,11,7,12],
                    "texture": "#mushroom"
                },
                "east": {
                    "uv": [6,11,7,12],
                    "texture": "#mushroom"
                },
                "north": {
                    "uv": [6,11,7,12],
                    "texture": "#mushroom"
                },
                "south": {
                    "uv": [6,11,7,12],
                    "texture": "#mushroom"
                }
            }
        },
        {
            "from": [13,7,17],
            "to": [16,10,18],
            "faces": {
                "up": {
                    "uv": [6,11,7,12],
                    "texture": "#mushroom"
                },
                "down": {
                    "uv": [6,11,7,12],
                    "texture": "#mushroom"
                },
                "west": {
                    "uv": [6,11,7,12],
                    "texture": "#mushroom"
                },
                "east": {
                    "uv": [6,11,7,12],
                    "texture": "#mushroom"
                },
                "north": {
                    "uv": [6,11,7,12],
                    "texture": "#mushroom"
                },
                "south": {
                    "uv": [6,11,7,12],
                    "texture": "#mushroom"
                }
            }
        },
        {
            "from": [14,8,15],
            "to": [15,9,17],
            "faces": {
                "up": {
                    "uv": [6,11,7,12],
                    "texture": "#mushroom"
                },
                "down": {
                    "uv": [6,11,7,12],
                    "texture": "#mushroom"
                },
                "west": {
                    "uv": [6,11,7,12],
                    "texture": "#mushroom"
                },
                "east": {
                    "uv": [6,11,7,12],
                    "texture": "#mushroom"
                },
                "north": {
                    "uv": [6,11,7,12],
                    "texture": "#mushroom"
                },
                "south": {
                    "uv": [6,11,7,12],
                    "texture": "#mushroom"
                }
            }
        },
        {
            "from": [7,2,18],
            "to": [10,5,19],
            "faces": {
                "up": {
                    "uv": [6,11,7,12],
                    "texture": "#mushroom"
                },
                "down": {
                    "uv": [6,11,7,12],
                    "texture": "#mushroom"
                },
                "west": {
                    "uv": [6,11,7,12],
                    "texture": "#mushroom"
                },
                "east": {
                    "uv": [6,11,7,12],
                    "texture": "#mushroom"
                },
                "north": {
                    "uv": [6,11,7,12],
                    "texture": "#mushroom"
                },
                "south": {
                    "uv": [6,11,7,12],
                    "texture": "#mushroom"
                }
            }
        },
        {
            "from": [8,3,16],
            "to": [9,4,18],
            "faces": {
                "up": {
                    "uv": [6,11,7,12],
                    "texture": "#mushroom"
                },
                "down": {
                    "uv": [6,11,7,12],
                    "texture": "#mushroom"
                },
                "west": {
                    "uv": [6,11,7,12],
                    "texture": "#mushroom"
                },
                "east": {
                    "uv": [6,11,7,12],
                    "texture": "#mushroom"
                },
                "north": {
                    "uv": [6,11,7,12],
                    "texture": "#mushroom"
                },
                "south": {
                    "uv": [6,11,7,12],
                    "texture": "#mushroom"
                }
            }
        },
        {
            "from": [2,4,18],
            "to": [5,7,19],
            "faces": {
                "up": {
                    "uv": [6,11,7,12],
                    "texture": "#mushroom"
                },
                "down": {
                    "uv": [6,11,7,12],
                    "texture": "#mushroom"
                },
                "west": {
                    "uv": [6,11,7,12],
                    "texture": "#mushroom"
                },
                "east": {
                    "uv": [6,11,7,12],
                    "texture": "#mushroom"
                },
                "north": {
                    "uv": [6,11,7,12],
                    "texture": "#mushroom"
                },
                "south": {
                    "uv": [6,11,7,12],
                    "texture": "#mushroom"
                }
            }
        },
        {
            "from": [3,5,16],
            "to": [4,6,18],
            "faces": {
                "up": {
                    "uv": [6,11,7,12],
                    "texture": "#mushroom"
                },
                "down": {
                    "uv": [6,11,7,12],
                    "texture": "#mushroom"
                },
                "west": {
                    "uv": [6,11,7,12],
                    "texture": "#mushroom"
                },
                "east": {
                    "uv": [6,11,7,12],
                    "texture": "#mushroom"
                },
                "north": {
                    "uv": [6,11,7,12],
                    "texture": "#mushroom"
                },
                "south": {
                    "uv": [6,11,7,12],
                    "texture": "#mushroom"
                }
            }
        },
        {
            "from": [2,12,18],
            "to": [5,15,19],
            "faces": {
                "up": {
                    "uv": [6,11,7,12],
                    "texture": "#mushroom"
                },
                "down": {
                    "uv": [6,11,7,12],
                    "texture": "#mushroom"
                },
                "west": {
                    "uv": [6,11,7,12],
                    "texture": "#mushroom"
                },
                "east": {
                    "uv": [6,11,7,12],
                    "texture": "#mushroom"
                },
                "north": {
                    "uv": [6,11,7,12],
                    "texture": "#mushroom"
                },
                "south": {
                    "uv": [6,11,7,12],
                    "texture": "#mushroom"
                }
            }
        },
        {
            "from": [3,13,16],
            "to": [4,14,18],
            "faces": {
                "up": {
                    "uv": [6,11,7,12],
                    "texture": "#mushroom"
                },
                "down": {
                    "uv": [6,11,7,12],
                    "texture": "#mushroom"
                },
                "west": {
                    "uv": [6,11,7,12],
                    "texture": "#mushroom"
                },
                "east": {
                    "uv": [6,11,7,12],
                    "texture": "#mushroom"
                },
                "north": {
                    "uv": [6,11,7,12],
                    "texture": "#mushroom"
                },
                "south": {
                    "uv": [6,11,7,12],
                    "texture": "#mushroom"
                }
            }
        }
    ]
}