{
    "ambientocclusion": false,
    "textures": {
        "particle": "blocks/vine",
        "vine": "blocks/vine",
		"layer": "blocks/vine_layer"
    },
    "elements": [
        {   "from": [ 0, 0, 15.2 ],
            "to": [ 16, 16, 15.2 ],
            "shade": false,
            "faces": {
                "north": { "uv": [ 0, 0, 16, 16 ], "texture": "#vine", "tintindex": 0 },
                "south": { "uv": [ 0, 0, 16, 16 ], "texture": "#vine", "tintindex": 0 }
            }
        },
        {   "from": [ 0, 0, 15.2 ],
            "to": [ 16, 16, 15.2 ],
            "shade": false,
            "faces": {
                "north": { "uv": [ 0, 0, 16, 16 ], "texture": "#layer"},
                "south": { "uv": [ 0, 0, 16, 16 ], "texture": "#layer"}
            }
        }
    ]
}
