{
    "variants": {
        "axis=y":   [{ "model": "jungle_log" },{ "model": "jungle_log" , "y": 90},{ "model": "jungle_log" , "y": 180},{ "model": "jungle_log" , "y": 270},{ "model": "jungle_log2" },{ "model": "jungle_log2" , "y": 90},{ "model": "jungle_log2" , "y": 180},{ "model": "jungle_log2" , "y": 270},{ "model": "jungle_log3" },{ "model": "jungle_log3" , "y": 90},{ "model": "jungle_log3" , "y": 180},{ "model": "jungle_log3" , "y": 270}],
        "axis=z":   [{ "model": "jungle_log", "x": 90, "weight": 5 },{ "model": "jungle_log3", "x": 90 },{ "model": "jungle_log4", "x": 90 },{ "model": "jungle_log4", "x": 90 , "y": 90 , "weight": 2}],
        "axis=x":   [{ "model": "jungle_log", "x": 90, "y": 90, "weight": 5 },{ "model": "jungle_log3", "x": 90 , "y": 90 },{ "model": "jungle_log4", "x": 90 , "y": 90 },{ "model": "jungle_log5", "x": 90 , "y": 90 , "weight": 2}],
        "axis=none": { "model": "jungle_bark" }
    }
}
