{
	"parent": "block/cube_all",
    "__createdwith": "opl's Model Creator",
    "ambientocclusion": false,
    "textures": {
        "top": "items/bantiaoxiang_top",
        "side": "items/bantiaoxiang_side",
        "side2": "items/bantiaoxiang_side2"
    },
    "elements": [
        {
            "from": [1,1,1],
            "to": [15,15,15],
            "faces": {
                "up": {
                    "texture": "#top"
                },
                "down": {
                    "texture": "#top"
                },
                "west": {
                    "texture": "#top"
                },
                "east": {
                    "texture": "#top"
                },
                "north": {
                    "texture": "#top"
                },
                "south": {
                    "texture": "#top"
                }
            }
        },
        {
            "from": [0,0,0],
            "to": [2,16,2],
            "faces": {
                "up": {
                    "texture": "#top"
                },
                "down": {
                    "texture": "#top"
                },
                "west": {
                    "texture": "#side"
                },
                "east": {
                    "texture": "#side"
                },
                "north": {
                    "texture": "#top"
                },
                "south": {
                    "texture": "#top"
                }
            }
        },
        {
            "from": [0,0,14],
            "to": [2,16,16],
            "faces": {
                "up": {
                    "texture": "#top"
                },
                "down": {
                    "texture": "#top"
                },
                "west": {
                    "texture": "#side"
                },
                "east": {
                    "texture": "#side"
                },
                "north": {
                    "texture": "#top"
                },
                "south": {
                    "texture": "#top"
                }
            }
        },
        {
            "from": [14,0,14],
            "to": [16,16,16],
            "faces": {
                "up": {
                    "texture": "#top"
                },
                "down": {
                    "texture": "#top"
                },
                "west": {
                    "texture": "#side"
                },
                "east": {
                    "texture": "#side"
                },
                "north": {
                    "texture": "#top"
                },
                "south": {
                    "texture": "#top"
                }
            }
        },
        {
            "from": [14,0,0],
            "to": [16,16,2],
            "faces": {
                "up": {
                    "texture": "#top"
                },
                "down": {
                    "texture": "#top"
                },
                "west": {
                    "texture": "#side"
                },
                "east": {
                    "texture": "#side"
                },
                "north": {
                    "texture": "#top"
                },
                "south": {
                    "texture": "#top"
                }
            }
        },
        {
            "from": [2,14,0],
            "to": [14,16,2],
            "faces": {
                "up": {
                    "texture": "#top"
                },
                "down": {
                    "texture": "#top"
                },
                "north": {
                    "texture": "#top"
                },
                "south": {
                    "texture": "#top"
                }
            }
        },
        {
            "from": [2,0,14],
            "to": [14,2,16],
            "faces": {
                "up": {
                    "texture": "#top"
                },
                "down": {
                    "texture": "#top"
                },
                "north": {
                    "texture": "#top"
                },
                "south": {
                    "texture": "#top"
                }
            }
        },
        {
            "from": [0,14,2],
            "to": [2,16,14],
            "faces": {
                "up": {
                    "texture": "#top"
                },
                "down": {
                    "texture": "#top"
                },
                "west": {
                    "texture": "#side"
                },
                "east": {
                    "texture": "#side"
                }
            }
        },
        {
            "from": [0,0,2],
            "to": [2,2,14],
            "faces": {
                "up": {
                    "texture": "#top"
                },
                "down": {
                    "texture": "#top"
                },
                "west": {
                    "texture": "#side"
                },
                "east": {
                    "texture": "#side"
                }
            }
        },
        {
            "from": [2,14,14],
            "to": [14,16,16],
            "faces": {
                "up": {
                    "texture": "#top"
                },
                "down": {
                    "texture": "#top"
                },
                "north": {
                    "texture": "#top"
                },
                "south": {
                    "texture": "#top"
                }
            }
        },
        {
            "from": [2,0,0],
            "to": [14,2,2],
            "faces": {
                "up": {
                    "texture": "#top"
                },
                "down": {
                    "texture": "#top"
                },
                "north": {
                    "texture": "#top"
                },
                "south": {
                    "texture": "#top"
                }
            }
        },
        {
            "from": [14,0,2],
            "to": [16,2,14],
            "faces": {
                "up": {
                    "texture": "#top"
                },
                "down": {
                    "texture": "#top"
                },
                "west": {
                    "texture": "#side"
                },
                "east": {
                    "texture": "#side"
                }
            }
        },
        {
            "from": [14,14,2],
            "to": [16,16,14],
            "faces": {
                "up": {
                    "texture": "#top"
                },
                "down": {
                    "texture": "#top"
                },
                "west": {
                    "texture": "#side"
                },
                "east": {
                    "texture": "#side"
                }
            }
        },
        {
            "from": [0,2,12],
            "to": [2,4,14],
            "faces": {
                "up": {
                    "texture": "#top"
                },
                "down": {
                    "texture": "#top"
                },
                "west": {
                    "texture": "#side2"
                },
                "north": {
                    "texture": "#top"
                },
                "south": {
                    "texture": "#top"
                }
            }
        },
        {
            "from": [0,3,11],
            "to": [2,5,13],
            "faces": {
                "up": {
                    "texture": "#top"
                },
                "down": {
                    "texture": "#top"
                },
                "west": {
                    "texture": "#side2"
                },
                "north": {
                    "texture": "#top"
                },
                "south": {
                    "texture": "#top"
                }
            }
        },
        {
            "from": [0,4,10],
            "to": [2,6,12],
            "faces": {
                "up": {
                    "texture": "#top"
                },
                "down": {
                    "texture": "#top"
                },
                "west": {
                    "texture": "#side2"
                },
                "north": {
                    "texture": "#top"
                },
                "south": {
                    "texture": "#top"
                }
            }
        },
        {
            "from": [0,5,9],
            "to": [2,7,11],
            "faces": {
                "up": {
                    "texture": "#top"
                },
                "down": {
                    "texture": "#top"
                },
                "west": {
                    "texture": "#side2"
                },
                "north": {
                    "texture": "#top"
                },
                "south": {
                    "texture": "#top"
                }
            }
        },
        {
            "from": [0,6,8],
            "to": [2,8,10],
            "faces": {
                "up": {
                    "texture": "#top"
                },
                "down": {
                    "texture": "#top"
                },
                "west": {
                    "texture": "#side2"
                },
                "north": {
                    "texture": "#top"
                },
                "south": {
                    "texture": "#top"
                }
            }
        },
        {
            "from": [0,7,7],
            "to": [2,9,9],
            "faces": {
                "up": {
                    "texture": "#top"
                },
                "down": {
                    "texture": "#top"
                },
                "west": {
                    "texture": "#side2"
                },
                "north": {
                    "texture": "#top"
                },
                "south": {
                    "texture": "#top"
                }
            }
        },
        {
            "from": [0,12,2],
            "to": [2,14,4],
            "faces": {
                "up": {
                    "texture": "#top"
                },
                "down": {
                    "texture": "#top"
                },
                "west": {
                    "texture": "#side2"
                },
                "north": {
                    "texture": "#top"
                },
                "south": {
                    "texture": "#top"
                }
            }
        },
        {
            "from": [0,8,6],
            "to": [2,10,8],
            "faces": {
                "up": {
                    "texture": "#top"
                },
                "down": {
                    "texture": "#top"
                },
                "west": {
                    "texture": "#side2"
                },
                "north": {
                    "texture": "#top"
                },
                "south": {
                    "texture": "#top"
                }
            }
        },
        {
            "from": [0,9,5],
            "to": [2,11,7],
            "faces": {
                "up": {
                    "texture": "#top"
                },
                "down": {
                    "texture": "#top"
                },
                "west": {
                    "texture": "#side2"
                },
                "north": {
                    "texture": "#top"
                },
                "south": {
                    "texture": "#top"
                }
            }
        },
        {
            "from": [0,11,3],
            "to": [2,13,5],
            "faces": {
                "up": {
                    "texture": "#top"
                },
                "down": {
                    "texture": "#top"
                },
                "west": {
                    "texture": "#side2"
                },
                "north": {
                    "texture": "#top"
                },
                "south": {
                    "texture": "#top"
                }
            }
        },
        {
            "from": [0,10,4],
            "to": [2,12,6],
            "faces": {
                "up": {
                    "texture": "#top"
                },
                "down": {
                    "texture": "#top"
                },
                "west": {
                    "texture": "#side2"
                },
                "north": {
                    "texture": "#top"
                },
                "south": {
                    "texture": "#top"
                }
            }
        },
        {
            "from": [14,2,12],
            "to": [16,4,14],
            "faces": {
                "up": {
                    "texture": "#top"
                },
                "down": {
                    "texture": "#top"
                },
                "west": {
                    "texture": "#side2"
                },
                "east": {
                    "texture": "#side2"
                },
                "north": {
                    "texture": "#top"
                },
                "south": {
                    "texture": "#top"
                }
            }
        },
        {
            "from": [14,4,10],
            "to": [16,6,12],
            "faces": {
                "up": {
                    "texture": "#top"
                },
                "down": {
                    "texture": "#top"
                },
                "west": {
                    "texture": "#side2"
                },
                "east": {
                    "texture": "#side2"
                },
                "north": {
                    "texture": "#top"
                },
                "south": {
                    "texture": "#top"
                }
            }
        },
        {
            "from": [14,6,8],
            "to": [16,8,10],
            "faces": {
                "up": {
                    "texture": "#top"
                },
                "down": {
                    "texture": "#top"
                },
                "west": {
                    "texture": "#side2"
                },
                "east": {
                    "texture": "#side2"
                },
                "north": {
                    "texture": "#top"
                },
                "south": {
                    "texture": "#top"
                }
            }
        },
        {
            "from": [14,5,9],
            "to": [16,7,11],
            "faces": {
                "up": {
                    "texture": "#top"
                },
                "down": {
                    "texture": "#top"
                },
                "west": {
                    "texture": "#side2"
                },
                "east": {
                    "texture": "#side2"
                },
                "north": {
                    "texture": "#top"
                },
                "south": {
                    "texture": "#top"
                }
            }
        },
        {
            "from": [14,7,7],
            "to": [16,9,9],
            "faces": {
                "up": {
                    "texture": "#top"
                },
                "down": {
                    "texture": "#top"
                },
                "west": {
                    "texture": "#side2"
                },
                "east": {
                    "texture": "#side2"
                },
                "north": {
                    "texture": "#top"
                },
                "south": {
                    "texture": "#top"
                }
            }
        },
        {
            "from": [14,8,6],
            "to": [16,10,8],
            "faces": {
                "up": {
                    "texture": "#top"
                },
                "down": {
                    "texture": "#top"
                },
                "west": {
                    "texture": "#side2"
                },
                "east": {
                    "texture": "#side2"
                },
                "north": {
                    "texture": "#top"
                },
                "south": {
                    "texture": "#top"
                }
            }
        },
        {
            "from": [14,10,4],
            "to": [16,12,6],
            "faces": {
                "up": {
                    "texture": "#top"
                },
                "down": {
                    "texture": "#top"
                },
                "west": {
                    "texture": "#side2"
                },
                "east": {
                    "texture": "#side2"
                },
                "north": {
                    "texture": "#top"
                },
                "south": {
                    "texture": "#top"
                }
            }
        },
        {
            "from": [14,9,5],
            "to": [16,11,7],
            "faces": {
                "up": {
                    "texture": "#top"
                },
                "down": {
                    "texture": "#top"
                },
                "west": {
                    "texture": "#side2"
                },
                "east": {
                    "texture": "#side2"
                },
                "north": {
                    "texture": "#top"
                },
                "south": {
                    "texture": "#top"
                }
            }
        },
        {
            "from": [14,11,3],
            "to": [16,13,5],
            "faces": {
                "up": {
                    "texture": "#top"
                },
                "down": {
                    "texture": "#top"
                },
                "west": {
                    "texture": "#side2"
                },
                "east": {
                    "texture": "#side2"
                },
                "north": {
                    "texture": "#top"
                },
                "south": {
                    "texture": "#top"
                }
            }
        },
        {
            "from": [14,12,2],
            "to": [16,14,4],
            "faces": {
                "up": {
                    "texture": "#top"
                },
                "down": {
                    "texture": "#top"
                },
                "west": {
                    "texture": "#side2"
                },
                "east": {
                    "texture": "#side2"
                },
                "north": {
                    "texture": "#top"
                },
                "south": {
                    "texture": "#top"
                }
            }
        },
        {
            "from": [14,3,11],
            "to": [16,5,13],
            "faces": {
                "up": {
                    "texture": "#top"
                },
                "down": {
                    "texture": "#top"
                },
                "west": {
                    "texture": "#side2"
                },
                "east": {
                    "texture": "#side2"
                },
                "north": {
                    "texture": "#top"
                },
                "south": {
                    "texture": "#top"
                }
            }
        }
    ]
}