{
    "__createdwith": "opl's Model Creator",
    "ambientocclusion": false,
    "textures": {
        "pot": "items/crockpot",
        "handle": "items/crockpot_handle",
		"cross": "items/crockpot_leg"
    },
	"display":{
		"head":{
			"rotation": [ 0, 0, 0 ],
            "translation": [ 0, -18, 0 ],
            "scale": [ 2, 2, 2 ]
		},
		"firstperson_righthand":{
            "translation": [ 0, 0, 0 ],
            "scale": [ 0.75, 0.75, 0.75 ]
		},
		"thirdperson_righthand":{
            "translation": [ 0, 0, 0 ],
            "scale": [ 0.5, 0.5, 0.5 ]
		},
		"gui":{
			"rotation": [ 15, 45, 0 ],
            "translation": [ 0, 0, 0 ],
            "scale": [ 0.75, 0.75, 0.75 ]
		}
	},
    "elements": [
        {   "from": [ 0, 0, 8 ],
            "to": [ 16, 16, 8 ],
            "rotation": { "origin": [ 8, 8, 8 ], "axis": "y", "angle": 45, "rescale": true },
            "shade": false,
            "faces": {
                "north": { "uv": [ 0, 0, 16, 16 ], "texture": "#cross" },
                "south": { "uv": [ 0, 0, 16, 16 ], "texture": "#cross" }
            }
        },
        {   "from": [ 8, 0, 0 ],
            "to": [ 8, 16, 16 ],
            "rotation": { "origin": [ 8, 8, 8 ], "axis": "y", "angle": 45, "rescale": true },
            "shade": false,
            "faces": {
                "west": { "uv": [ 0, 0, 16, 16 ], "texture": "#cross" },
                "east": { "uv": [ 0, 0, 16, 16 ], "texture": "#cross" }
            }
        },
        {
            "from": [2,6,2],
            "to": [14,15,14],
            "faces": {
                "up": {
                    "texture": "#pot"
                },
                "down": {
                    "texture": "#pot"
                },
                "west": {
                    "texture": "#pot"
                },
                "east": {
                    "texture": "#pot"
                },
                "north": {
                    "texture": "#pot"
                },
                "south": {
                    "texture": "#pot"
                }
            }
        },
        {
            "from": [1,11,1],
            "to": [15,13,15],
            "faces": {
                "up": {
                    "texture": "#pot"
                },
                "down": {
                    "texture": "#pot"
                },
                "west": {
                    "texture": "#pot"
                },
                "east": {
                    "texture": "#pot"
                },
                "north": {
                    "texture": "#pot"
                },
                "south": {
                    "texture": "#pot"
                }
            }
        },
        {
            "from": [7,15,7],
            "to": [9,16,9],
            "faces": {
                "up": {
                    "texture": "#handle"
                },
                "west": {
                    "texture": "#handle"
                },
                "east": {
                    "texture": "#handle"
                },
                "north": {
                    "texture": "#handle"
                },
                "south": {
                    "texture": "#handle"
                }
            }
        },
        {
            "from": [6,12,14],
            "to": [10,14,16],
            "faces": {
                "up": {
                    "texture": "#handle"
                },
                "down": {
                    "texture": "#handle"
                },
                "west": {
                    "texture": "#handle"
                },
                "east": {
                    "texture": "#handle"
                },
                "south": {
                    "texture": "#handle"
                }
            }
        },
        {
            "from": [6,12,0],
            "to": [10,14,2],
            "faces": {
                "up": {
                    "texture": "#handle"
                },
                "down": {
                    "texture": "#handle"
                },
                "west": {
                    "texture": "#handle"
                },
                "east": {
                    "texture": "#handle"
                },
                "north": {
                    "texture": "#handle"
                }
            }
        }
    ]
}