{
    "__createdwith": "opl's Model Creator",
    "ambientocclusion": false,
    "textures": {
        "all": "items/grimoire"
    },
    "elements": [
        {
            "from": [0,6,-2],
            "to": [16,10,18],
            "faces": {
                "up": {
                    "uv": [5,0,9,5],
                    "texture": "#all"
                },
                "down": {
                    "uv": [0,0,4,5],
                    "texture": "#all",
                    "rotation": 180
                },
                "west": {
                    "uv": [4,0,5,5],
                    "texture": "#all",
                    "rotation": 270
                },
                "east": {
                    "uv": [9,0,10,5],
                    "texture": "#all",
                    "rotation": 90
                },
                "north": {
                    "uv": [9,0,10,5],
                    "texture": "#all",
                    "rotation": 90
                },
                "south": {
                    "uv": [9,0,10,5],
                    "texture": "#all",
                    "rotation": 90
                }
            }
        },
        {
            "from": [0,8,18],
            "to": [1,8,20],
            "faces": {
                "up": {
                    "uv": [10,0,10.25,0.5],
                    "texture": "#all"
                },
                "down": {
                    "uv": [10,0,10.25,0.5],
                    "texture": "#all"
                }
            }
        }
    ]
}