{
	"parent": "block/cube_all",
    "__createdwith": "opl's Model Creator",
    "ambientocclusion": false,
    "textures": {
        "all": "blocks/planks_oak"
    },
    "elements": [
        {
            "from": [0,0,15],
            "to": [16,16,16],
            "faces": {
                "up": {
                    "texture": "#all"
                },
                "down": {
                    "texture": "#all"
                },
                "west": {
                    "texture": "#all"
                },
                "east": {
                    "texture": "#all"
                },
                "north": {
                    "texture": "#all"
                },
                "south": {
                    "texture": "#all"
                }
            }
        },
        {
            "from": [0,0,0],
            "to": [16,16,1],
            "faces": {
                "up": {
                    "texture": "#all"
                },
                "down": {
                    "texture": "#all"
                },
                "west": {
                    "texture": "#all"
                },
                "east": {
                    "texture": "#all"
                },
                "north": {
                    "texture": "#all"
                },
                "south": {
                    "texture": "#all"
                }
            }
        },
        {
            "from": [0,0,1],
            "to": [1,3,15],
            "faces": {
                "up": {
                    "texture": "#all"
                },
                "down": {
                    "texture": "#all"
                },
                "west": {
                    "texture": "#all"
                },
                "east": {
                    "texture": "#all"
                }
            }
        },
        {
            "from": [0,13,1],
            "to": [1,16,15],
            "faces": {
                "up": {
                    "texture": "#all"
                },
                "down": {
                    "texture": "#all"
                },
                "west": {
                    "texture": "#all"
                },
                "east": {
                    "texture": "#all"
                }
            }
        },
        {
            "from": [0,7,1],
            "to": [1,9,15],
            "faces": {
                "up": {
                    "texture": "#all"
                },
                "down": {
                    "texture": "#all"
                },
                "west": {
                    "texture": "#all"
                },
                "east": {
                    "texture": "#all"
                }
            }
        },
        {
            "from": [15,13,1],
            "to": [16,16,15],
            "faces": {
                "up": {
                    "texture": "#all"
                },
                "down": {
                    "texture": "#all"
                },
                "west": {
                    "texture": "#all"
                },
                "east": {
                    "texture": "#all"
                }
            }
        },
        {
            "from": [15,7,1],
            "to": [16,9,15],
            "faces": {
                "up": {
                    "texture": "#all"
                },
                "down": {
                    "texture": "#all"
                },
                "west": {
                    "texture": "#all"
                },
                "east": {
                    "texture": "#all"
                }
            }
        },
        {
            "from": [15,0,1],
            "to": [16,3,15],
            "faces": {
                "up": {
                    "texture": "#all"
                },
                "down": {
                    "texture": "#all"
                },
                "west": {
                    "texture": "#all"
                },
                "east": {
                    "texture": "#all"
                }
            }
        },
        {
            "from": [1,1,1],
            "to": [15,2,15],
            "faces": {
                "up": {
                    "texture": "#all"
                },
                "down": {
                    "texture": "#all"
                }
            }
        },
        {
            "from": [1,14,1],
            "to": [15,15,15],
            "faces": {
                "up": {
                    "texture": "#all"
                },
                "down": {
                    "texture": "#all"
                }
            }
        }
    ]
}