{
    "__createdwith": "opl's Model Creator",
    "ambientocclusion": false,
    "textures": {
        "all": "blocks/stonebrick"
    },
	"display": {
		"gui": {
			"rotation": [15,15,0]
		},
		"fixed": {
			"rotation": [0,180,0]
		},
		"thirdperson_righthand": {
			"scale": [0.5,0.5,0.5],
			"rotation": [90,180,0]
		},
		"thirdperson_lefthand": {
			"scale": [0.5,0.5,0.5],
			"rotation": [90,180,0]
		},
		"firstperson_righthand": {
			"scale": [0.5,0.5,0.5],
			"rotation": [90,180,0]
		},
		"firstperson_lefthand": {
			"scale": [0.5,0.5,0.5],
			"rotation": [90,180,0]
		}
	},
    "elements": [
        {
            "from": [6,6,1],
            "to": [10,10,3],
            "faces": {
                "up": {
                    "texture": "#all"
                },
                "down": {
                    "texture": "#all"
                },
                "west": {
                    "texture": "#all"
                },
                "east": {
                    "texture": "#all"
                },
                "north": {
                    "texture": "#all"
                }
            }
        },
        {
            "from": [1,6,6],
            "to": [3,10,10],
            "faces": {
                "up": {
                    "texture": "#all"
                },
                "down": {
                    "texture": "#all"
                },
                "west": {
                    "texture": "#all"
                },
                "north": {
                    "texture": "#all"
                },
                "south": {
                    "texture": "#all"
                }
            }
        },
        {
            "from": [2,6,4],
            "to": [4,10,6],
            "faces": {
                "up": {
                    "texture": "#all"
                },
                "down": {
                    "texture": "#all"
                },
                "west": {
                    "texture": "#all"
                },
                "north": {
                    "texture": "#all"
                }
            }
        },
        {
            "from": [4,6,2],
            "to": [6,10,4],
            "faces": {
                "up": {
                    "texture": "#all"
                },
                "down": {
                    "texture": "#all"
                },
                "west": {
                    "texture": "#all"
                },
                "north": {
                    "texture": "#all"
                }
            }
        },
        {
            "from": [10,6,2],
            "to": [12,10,4],
            "faces": {
                "up": {
                    "texture": "#all"
                },
                "down": {
                    "texture": "#all"
                },
                "east": {
                    "texture": "#all"
                },
                "north": {
                    "texture": "#all"
                }
            }
        },
        {
            "from": [12,6,4],
            "to": [14,10,6],
            "faces": {
                "up": {
                    "texture": "#all"
                },
                "down": {
                    "texture": "#all"
                },
                "east": {
                    "texture": "#all"
                },
                "north": {
                    "texture": "#all"
                }
            }
        },
        {
            "from": [13,6,6],
            "to": [15,10,10],
            "faces": {
                "up": {
                    "texture": "#all"
                },
                "down": {
                    "texture": "#all"
                },
                "east": {
                    "texture": "#all"
                },
                "north": {
                    "texture": "#all"
                },
                "south": {
                    "texture": "#all"
                }
            }
        },
        {
            "from": [12,6,10],
            "to": [14,10,12],
            "faces": {
                "up": {
                    "texture": "#all"
                },
                "down": {
                    "texture": "#all"
                },
                "east": {
                    "texture": "#all"
                },
                "south": {
                    "texture": "#all"
                }
            }
        },
        {
            "from": [2,6,10],
            "to": [4,10,12],
            "faces": {
                "up": {
                    "texture": "#all"
                },
                "down": {
                    "texture": "#all"
                },
                "west": {
                    "texture": "#all"
                },
                "south": {
                    "texture": "#all"
                }
            }
        },
        {
            "from": [4,6,12],
            "to": [6,10,14],
            "faces": {
                "up": {
                    "texture": "#all"
                },
                "down": {
                    "texture": "#all"
                },
                "west": {
                    "texture": "#all"
                },
                "south": {
                    "texture": "#all"
                }
            }
        },
        {
            "from": [10,6,12],
            "to": [12,10,14],
            "faces": {
                "up": {
                    "texture": "#all"
                },
                "down": {
                    "texture": "#all"
                },
                "east": {
                    "texture": "#all"
                },
                "south": {
                    "texture": "#all"
                }
            }
        },
        {
            "from": [6,6,13],
            "to": [10,10,15],
            "faces": {
                "up": {
                    "texture": "#all"
                },
                "down": {
                    "texture": "#all"
                },
                "west": {
                    "texture": "#all"
                },
                "east": {
                    "texture": "#all"
                },
                "south": {
                    "texture": "#all"
                }
            }
        },
        {
            "from": [12,10,6],
            "to": [14,12,10],
            "faces": {
                "up": {
                    "texture": "#all"
                },
                "east": {
                    "texture": "#all"
                },
                "north": {
                    "texture": "#all"
                },
                "south": {
                    "texture": "#all"
                }
            }
        },
        {
            "from": [2,10,6],
            "to": [4,12,10],
            "faces": {
                "up": {
                    "texture": "#all"
                },
                "west": {
                    "texture": "#all"
                },
                "north": {
                    "texture": "#all"
                },
                "south": {
                    "texture": "#all"
                }
            }
        },
        {
            "from": [6,10,12],
            "to": [10,12,14],
            "faces": {
                "up": {
                    "texture": "#all"
                },
                "west": {
                    "texture": "#all"
                },
                "east": {
                    "texture": "#all"
                },
                "south": {
                    "texture": "#all"
                }
            }
        },
        {
            "from": [6,10,2],
            "to": [10,12,4],
            "faces": {
                "up": {
                    "texture": "#all"
                },
                "west": {
                    "texture": "#all"
                },
                "east": {
                    "texture": "#all"
                },
                "north": {
                    "texture": "#all"
                }
            }
        },
        {
            "from": [4,10,10],
            "to": [6,12,12],
            "faces": {
                "up": {
                    "texture": "#all"
                },
                "west": {
                    "texture": "#all"
                },
                "south": {
                    "texture": "#all"
                }
            }
        },
        {
            "from": [10,10,10],
            "to": [12,12,12],
            "faces": {
                "up": {
                    "texture": "#all"
                },
                "east": {
                    "texture": "#all"
                },
                "south": {
                    "texture": "#all"
                }
            }
        },
        {
            "from": [10,10,4],
            "to": [12,12,6],
            "faces": {
                "up": {
                    "texture": "#all"
                },
                "east": {
                    "texture": "#all"
                },
                "north": {
                    "texture": "#all"
                }
            }
        },
        {
            "from": [4,10,4],
            "to": [6,12,6],
            "faces": {
                "up": {
                    "texture": "#all"
                },
                "west": {
                    "texture": "#all"
                },
                "north": {
                    "texture": "#all"
                }
            }
        },
        {
            "from": [6,11,4],
            "to": [10,13,6],
            "faces": {
                "up": {
                    "texture": "#all"
                },
                "west": {
                    "texture": "#all"
                },
                "east": {
                    "texture": "#all"
                },
                "north": {
                    "texture": "#all"
                }
            }
        },
        {
            "from": [6,11,10],
            "to": [10,13,12],
            "faces": {
                "up": {
                    "texture": "#all"
                },
                "west": {
                    "texture": "#all"
                },
                "east": {
                    "texture": "#all"
                },
                "south": {
                    "texture": "#all"
                }
            }
        },
        {
            "from": [10,11,6],
            "to": [12,13,10],
            "faces": {
                "up": {
                    "texture": "#all"
                },
                "east": {
                    "texture": "#all"
                },
                "north": {
                    "texture": "#all"
                },
                "south": {
                    "texture": "#all"
                }
            }
        },
        {
            "from": [4,11,6],
            "to": [6,13,10],
            "faces": {
                "up": {
                    "texture": "#all"
                },
                "west": {
                    "texture": "#all"
                },
                "north": {
                    "texture": "#all"
                },
                "south": {
                    "texture": "#all"
                }
            }
        },
        {
            "from": [6,11,6],
            "to": [10,13,10],
            "faces": {
                "up": {
                    "texture": "#all"
                }
            }
        },
        {
            "from": [10,4,10],
            "to": [12,6,12],
            "faces": {
                "down": {
                    "texture": "#all"
                },
                "east": {
                    "texture": "#all"
                },
                "south": {
                    "texture": "#all"
                }
            }
        },
        {
            "from": [4,4,10],
            "to": [6,6,12],
            "faces": {
                "down": {
                    "texture": "#all"
                },
                "west": {
                    "texture": "#all"
                },
                "south": {
                    "texture": "#all"
                }
            }
        },
        {
            "from": [4,4,4],
            "to": [6,6,6],
            "faces": {
                "down": {
                    "texture": "#all"
                },
                "west": {
                    "texture": "#all"
                },
                "north": {
                    "texture": "#all"
                }
            }
        },
        {
            "from": [10,4,4],
            "to": [12,6,6],
            "faces": {
                "down": {
                    "texture": "#all"
                },
                "east": {
                    "texture": "#all"
                },
                "north": {
                    "texture": "#all"
                }
            }
        },
        {
            "from": [12,4,6],
            "to": [14,6,10],
            "faces": {
                "down": {
                    "texture": "#all"
                },
                "east": {
                    "texture": "#all"
                },
                "north": {
                    "texture": "#all"
                },
                "south": {
                    "texture": "#all"
                }
            }
        },
        {
            "from": [2,4,6],
            "to": [4,6,10],
            "faces": {
                "down": {
                    "texture": "#all"
                },
                "west": {
                    "texture": "#all"
                },
                "north": {
                    "texture": "#all"
                },
                "south": {
                    "texture": "#all"
                }
            }
        },
        {
            "from": [6,4,2],
            "to": [10,6,4],
            "faces": {
                "down": {
                    "texture": "#all"
                },
                "west": {
                    "texture": "#all"
                },
                "east": {
                    "texture": "#all"
                },
                "north": {
                    "texture": "#all"
                }
            }
        },
        {
            "from": [6,4,12],
            "to": [10,6,14],
            "faces": {
                "down": {
                    "texture": "#all"
                },
                "west": {
                    "texture": "#all"
                },
                "east": {
                    "texture": "#all"
                },
                "south": {
                    "texture": "#all"
                }
            }
        },
        {
            "from": [6,3,10],
            "to": [10,5,12],
            "faces": {
                "down": {
                    "texture": "#all"
                },
                "west": {
                    "texture": "#all"
                },
                "east": {
                    "texture": "#all"
                },
                "south": {
                    "texture": "#all"
                }
            }
        },
        {
            "from": [4,3,6],
            "to": [6,5,10],
            "faces": {
                "down": {
                    "texture": "#all"
                },
                "west": {
                    "texture": "#all"
                },
                "north": {
                    "texture": "#all"
                },
                "south": {
                    "texture": "#all"
                }
            }
        },
        {
            "from": [6,3,6],
            "to": [10,5,10],
            "faces": {
                "down": {
                    "texture": "#all"
                }
            }
        },
        {
            "from": [6,3,4],
            "to": [10,5,6],
            "faces": {
                "down": {
                    "texture": "#all"
                },
                "west": {
                    "texture": "#all"
                },
                "east": {
                    "texture": "#all"
                },
                "north": {
                    "texture": "#all"
                }
            }
        },
        {
            "from": [10,3,6],
            "to": [12,5,10],
            "faces": {
                "down": {
                    "texture": "#all"
                },
                "east": {
                    "texture": "#all"
                },
                "north": {
                    "texture": "#all"
                },
                "south": {
                    "texture": "#all"
                }
            }
        }
    ]
}