{
    "parent": "block/red_mushroom",
	"display": {
		"gui": {
			"rotation": [15,15,0],
			"translation": [0, 4, 0]
		},
		"head": {
			"scale": [4,4,4],
			"rotation": [0,180,0],
			"translation": [0, 24, 0]
		},
		"fixed": {
			"rotation": [0,180,0],
			"translation": [0, 4, 0]
		},
		"thirdperson_righthand": {
			"scale": [0.5,0.5,0.5],
			"translation": [0, 4, 0]
		},
		"thirdperson_lefthand": {
			"scale": [0.5,0.5,0.5],
			"translation": [0, 4, 0]
		},
		"firstperson_righthand": {
			"scale": [0.5,0.5,0.5],
			"translation": [0, 4, 0]
		},
		"firstperson_lefthand": {
			"scale": [0.5,0.5,0.5],
			"translation": [0, 4, 0]
		}
	}
}
