{
    "__createdwith": "opl's Model Creator",
    "ambientocclusion": false,
    "textures": {
        "center": "blocks/fern",
        "particle": "blocks/fern"
    },
    "elements": [
        {
            "from": [8,0,8],
            "to": [9,4,9],
            "faces": {
                "up": {
                    "uv": [7,15,8,16],
                    "texture": "#center","tintindex": 0
                },
                "down": {
                    "uv": [7,15,8,16],
                    "texture": "#center","tintindex": 0
                },
                "west": {
                    "uv": [8,15,8,16],
                    "texture": "#center","tintindex": 0
                },
                "east": {
                    "uv": [7,15,8,16],
                    "texture": "#center","tintindex": 0
                },
                "north": {
                    "uv": [8,15,9,16],
                    "texture": "#center","tintindex": 0
                },
                "south": {
                    "uv": [8,15,8,16],
                    "texture": "#center","tintindex": 0
                }
            }
        },
        {
            "from": [7,4,7],
            "to": [8,8,8],
            "faces": {
                "up": {
                    "uv": [7,15,8,16],
                    "texture": "#center","tintindex": 0
                },
                "down": {
                    "uv": [7,15,8,16],
                    "texture": "#center","tintindex": 0
                },
                "west": {
                    "uv": [8,15,8,16],
                    "texture": "#center","tintindex": 0
                },
                "east": {
                    "uv": [7,15,8,16],
                    "texture": "#center","tintindex": 0
                },
                "north": {
                    "uv": [8,15,9,16],
                    "texture": "#center","tintindex": 0
                },
                "south": {
                    "uv": [8,15,8,16],
                    "texture": "#center","tintindex": 0
                }
            }
        },
        {
            "from": [6,8,6],
            "to": [7,11,7],
            "faces": {
                "up": {
                    "uv": [7,12,8,13],
                    "texture": "#center","tintindex": 0
                },
                "down": {
                    "uv": [6,10,7,11],
                    "texture": "#center","tintindex": 0
                },
                "west": {
                    "uv": [7,12,8,13],
                    "texture": "#center","tintindex": 0
                },
                "east": {
                    "uv": [7,12,8,13],
                    "texture": "#center","tintindex": 0
                },
                "north": {
                    "uv": [7,12,8,13],
                    "texture": "#center","tintindex": 0
                },
                "south": {
                    "uv": [7,12,8,13],
                    "texture": "#center","tintindex": 0
                }
            }
        },
        {
            "from": [6,11,7],
            "to": [7,13,8],
            "faces": {
                "up": {
                    "uv": [7,12,8,13],
                    "texture": "#center","tintindex": 0
                },
                "down": {
                    "uv": [7,12,8,13],
                    "texture": "#center","tintindex": 0
                },
                "west": {
                    "uv": [7,12,8,13],
                    "texture": "#center","tintindex": 0
                },
                "east": {
                    "uv": [7,12,8,13],
                    "texture": "#center","tintindex": 0
                },
                "north": {
                    "uv": [7,12,8,13],
                    "texture": "#center","tintindex": 0
                },
                "south": {
                    "uv": [7,12,8,13],
                    "texture": "#center","tintindex": 0
                }
            }
        },
        {
            "from": [7,13,8],
            "to": [8,15,9],
            "faces": {
                "up": {
                    "uv": [6,10,7,11],
                    "texture": "#center","tintindex": 0
                },
                "down": {
                    "uv": [6,10,7,11],
                    "texture": "#center","tintindex": 0
                },
                "west": {
                    "uv": [6,10,7,11],
                    "texture": "#center","tintindex": 0
                },
                "east": {
                    "uv": [6,10,7,11],
                    "texture": "#center","tintindex": 0
                },
                "north": {
                    "uv": [6,10,7,11],
                    "texture": "#center","tintindex": 0
                },
                "south": {
                    "uv": [6,10,7,11],
                    "texture": "#center","tintindex": 0
                }
            }
        },
        {
            "from": [8,15,9],
            "to": [9,16,10],
            "faces": {
                "up": {
                    "uv": [6,10,7,11],
                    "texture": "#center","tintindex": 0
                },
                "down": {
                    "uv": [6,10,7,11],
                    "texture": "#center","tintindex": 0
                },
                "west": {
                    "uv": [6,10,7,11],
                    "texture": "#center","tintindex": 0
                },
                "east": {
                    "uv": [6,10,7,11],
                    "texture": "#center","tintindex": 0
                },
                "north": {
                    "uv": [6,10,7,11],
                    "texture": "#center","tintindex": 0
                },
                "south": {
                    "uv": [6,10,7,11],
                    "texture": "#center","tintindex": 0
                }
            }
        },
        {
            "from": [9,15,10],
            "to": [10,16,11],
            "faces": {
                "up": {
                    "uv": [6,10,7,11],
                    "texture": "#center","tintindex": 0
                },
                "down": {
                    "uv": [6,10,7,11],
                    "texture": "#center","tintindex": 0
                },
                "west": {
                    "uv": [6,10,7,11],
                    "texture": "#center","tintindex": 0
                },
                "east": {
                    "uv": [6,10,7,11],
                    "texture": "#center","tintindex": 0
                },
                "north": {
                    "uv": [6,10,7,11],
                    "texture": "#center","tintindex": 0
                },
                "south": {
                    "uv": [6,10,7,11],
                    "texture": "#center","tintindex": 0
                }
            }
        },
        {
            "from": [10,14,11],
            "to": [11,15,12],
            "faces": {
                "up": {
                    "uv": [6,10,7,11],
                    "texture": "#center","tintindex": 0
                },
                "down": {
                    "uv": [6,10,7,11],
                    "texture": "#center","tintindex": 0
                },
                "west": {
                    "uv": [6,10,7,11],
                    "texture": "#center","tintindex": 0
                },
                "east": {
                    "uv": [6,10,7,11],
                    "texture": "#center","tintindex": 0
                },
                "north": {
                    "uv": [6,10,7,11],
                    "texture": "#center","tintindex": 0
                },
                "south": {
                    "uv": [6,10,7,11],
                    "texture": "#center","tintindex": 0
                }
            }
        },
        {
            "from": [11,12,12],
            "to": [12,14,13],
            "faces": {
                "up": {
                    "uv": [6,10,7,11],
                    "texture": "#center","tintindex": 0
                },
                "down": {
                    "uv": [6,10,7,11],
                    "texture": "#center","tintindex": 0
                },
                "west": {
                    "uv": [6,10,7,11],
                    "texture": "#center","tintindex": 0
                },
                "east": {
                    "uv": [6,10,7,11],
                    "texture": "#center","tintindex": 0
                },
                "north": {
                    "uv": [6,10,7,11],
                    "texture": "#center","tintindex": 0
                },
                "south": {
                    "uv": [6,10,7,11],
                    "texture": "#center","tintindex": 0
                }
            }
        },
        {
            "from": [12,9,13],
            "to": [13,12,14],
            "faces": {
                "up": {
                    "uv": [6,10,7,11],
                    "texture": "#center","tintindex": 0
                },
                "down": {
                    "uv": [6,10,7,11],
                    "texture": "#center","tintindex": 0
                },
                "west": {
                    "uv": [6,10,7,11],
                    "texture": "#center","tintindex": 0
                },
                "east": {
                    "uv": [6,10,7,11],
                    "texture": "#center","tintindex": 0
                },
                "north": {
                    "uv": [6,10,7,11],
                    "texture": "#center","tintindex": 0
                },
                "south": {
                    "uv": [6,10,7,11],
                    "texture": "#center","tintindex": 0
                }
            }
        },
        {
            "from": [11,8,12],
            "to": [12,9,13],
            "faces": {
                "up": {
                    "uv": [6,10,7,11],
                    "texture": "#center","tintindex": 0
                },
                "down": {
                    "uv": [6,10,7,11],
                    "texture": "#center","tintindex": 0
                },
                "west": {
                    "uv": [6,10,7,11],
                    "texture": "#center","tintindex": 0
                },
                "east": {
                    "uv": [6,10,7,11],
                    "texture": "#center","tintindex": 0
                },
                "north": {
                    "uv": [6,10,7,11],
                    "texture": "#center","tintindex": 0
                },
                "south": {
                    "uv": [6,10,7,11],
                    "texture": "#center","tintindex": 0
                }
            }
        },
        {
            "from": [9,7,10],
            "to": [11,8,12],
            "faces": {
                "up": {
                    "uv": [6,10,7,11],
                    "texture": "#center","tintindex": 0
                },
                "down": {
                    "uv": [6,10,7,11],
                    "texture": "#center","tintindex": 0
                },
                "west": {
                    "uv": [6,10,7,11],
                    "texture": "#center","tintindex": 0
                },
                "east": {
                    "uv": [6,10,7,11],
                    "texture": "#center","tintindex": 0
                },
                "north": {
                    "uv": [6,10,7,11],
                    "texture": "#center","tintindex": 0
                },
                "south": {
                    "uv": [6,10,7,11],
                    "texture": "#center","tintindex": 0
                }
            }
        },
        {
            "from": [8,8,9],
            "to": [9,10,10],
            "faces": {
                "up": {
                    "uv": [6,10,7,11],
                    "texture": "#center","tintindex": 0
                },
                "down": {
                    "uv": [6,10,7,11],
                    "texture": "#center","tintindex": 0
                },
                "west": {
                    "uv": [6,10,7,11],
                    "texture": "#center","tintindex": 0
                },
                "east": {
                    "uv": [6,10,7,11],
                    "texture": "#center","tintindex": 0
                },
                "north": {
                    "uv": [6,10,7,11],
                    "texture": "#center","tintindex": 0
                },
                "south": {
                    "uv": [6,10,7,11],
                    "texture": "#center","tintindex": 0
                }
            }
        },
        {
            "from": [9,10,10],
            "to": [10,12,11],
            "faces": {
                "up": {
                    "uv": [6,10,7,11],
                    "texture": "#center","tintindex": 0
                },
                "down": {
                    "uv": [6,10,7,11],
                    "texture": "#center","tintindex": 0
                },
                "west": {
                    "uv": [6,10,7,11],
                    "texture": "#center","tintindex": 0
                },
                "east": {
                    "uv": [6,10,7,11],
                    "texture": "#center","tintindex": 0
                },
                "north": {
                    "uv": [6,10,7,11],
                    "texture": "#center","tintindex": 0
                },
                "south": {
                    "uv": [6,10,7,11],
                    "texture": "#center","tintindex": 0
                }
            }
        },
        {
            "from": [10,11,11],
            "to": [11,12,12],
            "faces": {
                "up": {
                    "uv": [6,10,7,11],
                    "texture": "#center","tintindex": 0
                },
                "down": {
                    "uv": [6,10,7,11],
                    "texture": "#center","tintindex": 0
                },
                "west": {
                    "uv": [6,10,7,11],
                    "texture": "#center","tintindex": 0
                },
                "east": {
                    "uv": [6,10,7,11],
                    "texture": "#center","tintindex": 0
                },
                "north": {
                    "uv": [6,10,7,11],
                    "texture": "#center","tintindex": 0
                },
                "south": {
                    "uv": [6,10,7,11],
                    "texture": "#center","tintindex": 0
                }
            }
        }
    ]
}