{   "parent": "block/block",
    "textures": {
        "particle": "#all"
    },
    "elements": [
        {   "from": [ 0, 0, 0 ],
            "to": [ 16, 16, 16 ],
            "faces": {
                "down":  { "uv": [ 0, 0, 16, 16 ], "texture": "#all", "tintindex": 0, "cullface": "down" },
                "up":    { "uv": [ 0, 0, 16, 16 ], "texture": "#all", "tintindex": 0, "cullface": "up" },
                "north": { "uv": [ 0, 0, 16, 16 ], "texture": "#all", "tintindex": 0, "cullface": "north" },
                "south": { "uv": [ 0, 0, 16, 16 ], "texture": "#all", "tintindex": 0, "cullface": "south" },
                "west":  { "uv": [ 0, 0, 16, 16 ], "texture": "#all", "tintindex": 0, "cullface": "west" },
                "east":  { "uv": [ 0, 0, 16, 16 ], "texture": "#all", "tintindex": 0, "cullface": "east" }
            }
        },
		{   "from": [ 0, 0, 0 ],
            "to": [ 16, 16, 16 ],
            "faces": {
                "down":  { "uv": [ 0, 0, 16, 16 ], "texture": "#layer", "cullface": "down" },
                "up":    { "uv": [ 0, 0, 16, 16 ], "texture": "#layer", "cullface": "up" },
                "north": { "uv": [ 0, 0, 16, 16 ], "texture": "#layer", "cullface": "north" },
                "south": { "uv": [ 0, 0, 16, 16 ], "texture": "#layer", "cullface": "south" },
                "west":  { "uv": [ 0, 0, 16, 16 ], "texture": "#layer", "cullface": "west" },
                "east":  { "uv": [ 0, 0, 16, 16 ], "texture": "#layer", "cullface": "east" }
            }
        },
		        {   "from": [ 0, 0, 8 ],
            "to": [ 16, 16, 8 ],
            "rotation": { "origin": [ 8, 8, 8 ], "axis": "y", "angle": 45, "rescale": true },
            "shade": false,
            "faces": {
                "north": { "uv": [ 0, 0, 16, 16 ], "texture": "#cross" },
                "south": { "uv": [ 0, 0, 16, 16 ], "texture": "#cross" }
            }
        },
        {   "from": [ 8, 0, 0 ],
            "to": [ 8, 16, 16 ],
            "rotation": { "origin": [ 8, 8, 8 ], "axis": "y", "angle": 45, "rescale": true },
            "shade": false,
            "faces": {
                "west": { "uv": [ 0, 0, 16, 16 ], "texture": "#cross" },
                "east": { "uv": [ 0, 0, 16, 16 ], "texture": "#cross" }
            }
        }
    ]
}
