{
    "__createdwith": "opl's Model Creator",
    "ambientocclusion": false,
    "textures": {
        "all": "items/ender_pearl",
        "particle": "items/ender_eye",
        "front": "items/ender_eye"
    },
	"display": {
		"gui": {
			"rotation": [15,15,0]
		},
		"fixed": {
			"rotation": [0,180,0]
		},
		"thirdperson_righthand": {
			"scale": [0.5,0.5,0.5],
			"rotation": [90,180,0]
		},
		"thirdperson_lefthand": {
			"scale": [0.5,0.5,0.5],
			"rotation": [90,180,0]
		},
		"firstperson_righthand": {
			"scale": [0.5,0.5,0.5],
			"rotation": [90,180,0]
		},
		"firstperson_lefthand": {
			"scale": [0.5,0.5,0.5],
			"rotation": [90,180,0]
		}
	},
    "elements": [
        {
            "from": [4,6,6],
            "to": [5,10,10],
            "faces": {
                "up": {
                    "uv": [3,6,4,10],
                    "texture": "#front"
                },
                "down": {
                    "uv": [12,6,13,10],
                    "texture": "#front"
                },
                "west": {
                    "uv": [11,6,14,10],
                    "texture": "#front"
                },
                "north": {
                    "uv": [5,6,6,10],
                    "texture": "#front"
                },
                "south": {
                    "texture": "#front"
                }
            }
        },
        {
            "from": [11,6,6],
            "to": [12,10,10],
            "faces": {
                "up": {
                    "uv": [12,10,13,6],
                    "texture": "#front"
                },
                "down": {
                    "uv": [4,6,5,10],
                    "texture": "#front"
                },
                "east": {
                    "uv": [14,6,11,10],
                    "texture": "#front"
                },
                "north": {
                    "uv": [11,6,12,10],
                    "texture": "#front"
                },
                "south": {
                    "uv": [12,6,13,10],
                    "texture": "#front"
                }
            }
        },
        {
            "from": [6,4,6],
            "to": [10,5,10],
            "faces": {
                "down": {
                    "uv": [14,9,12,6],
                    "texture": "#front",
                    "rotation": 90
                },
                "west": {
                    "uv": [8,12,12,13],
                    "texture": "#front"
                },
                "east": {
                    "uv": [7,12,11,13],
                    "texture": "#front"
                },
                "north": {
                    "texture": "#front"
                },
                "south": {
                    "uv": [6,11,11,12],
                    "texture": "#front"
                }
            }
        },
        {
            "from": [6,11,6],
            "to": [10,12,10],
            "faces": {
                "up": {
                    "uv": [11,6,14,10],
                    "texture": "#front",
                    "rotation": 90
                },
                "west": {
                    "uv": [8,12,12,13],
                    "texture": "#front"
                },
                "east": {
                    "uv": [12,12,8,13],
                    "texture": "#front"
                },
                "north": {
                    "uv": [6,5,10,6],
                    "texture": "#front"
                },
                "south": {
                    "texture": "#front"
                }
            }
        },
        {
            "from": [5,10,6],
            "to": [6,11,10],
            "faces": {
                "up": {
                    "uv": [3,10,4,6],
                    "texture": "#front"
                },
                "west": {
                    "uv": [8,12,12,13],
                    "texture": "#front"
                },
                "north": {
                    "texture": "#front"
                },
                "south": {
                    "texture": "#front"
                }
            }
        },
        {
            "from": [10,10,6],
            "to": [11,11,10],
            "faces": {
                "up": {
                    "uv": [12,8,13,12],
                    "texture": "#front"
                },
                "east": {
                    "uv": [12,12,8,13],
                    "texture": "#front"
                },
                "north": {
                    "texture": "#front"
                },
                "south": {
                    "texture": "#front"
                }
            }
        },
        {
            "from": [5,5,6],
            "to": [6,6,10],
            "faces": {
                "down": {
                    "uv": [12,5,13,9],
                    "texture": "#front"
                },
                "west": {
                    "uv": [8,12,12,13],
                    "texture": "#front"
                },
                "north": {
                    "texture": "#front"
                },
                "south": {
                    "texture": "#front"
                }
            }
        },
        {
            "from": [10,5,6],
            "to": [11,6,10],
            "faces": {
                "down": {
                    "uv": [12,6,13,10],
                    "texture": "#front"
                },
                "east": {
                    "uv": [12,12,8,13],
                    "texture": "#front"
                },
                "north": {
                    "texture": "#front"
                },
                "south": {
                    "texture": "#front"
                }
            }
        },
        {
            "from": [6,6,4],
            "to": [10,10,5],
            "faces": {
                "up": {
                    "texture": "#front"
                },
                "down": {
                    "texture": "#front"
                },
                "west": {
                    "uv": [4,6,5,10],
                    "texture": "#front"
                },
                "east": {
                    "texture": "#front"
                },
                "north": {
                    "uv": [10,7,13,10],
                    "texture": "#front"
                }
            }
        },
        {
            "from": [6,6,11],
            "to": [10,10,12],
            "faces": {
                "up": {
                    "uv": [6,6,11,7],
                    "texture": "#front"
                },
                "down": {
                    "uv": [6,10,11,11],
                    "texture": "#front"
                },
                "west": {
                    "texture": "#front"
                },
                "east": {
                    "uv": [10,6,11,10],
                    "texture": "#front"
                },
                "south": {
                    "uv": [6,6,11,11],
                    "texture": "#front"
                }
            }
        },
        {
            "from": [5,6,5],
            "to": [6,10,6],
            "faces": {
                "up": {
                    "texture": "#front"
                },
                "down": {
                    "texture": "#front"
                },
                "west": {
                    "texture": "#front"
                },
                "north": {
                    "texture": "#front"
                }
            }
        },
        {
            "from": [5,6,10],
            "to": [6,10,11],
            "faces": {
                "up": {
                    "texture": "#front"
                },
                "down": {
                    "texture": "#front"
                },
                "west": {
                    "texture": "#front"
                },
                "south": {
                    "texture": "#front"
                }
            }
        },
        {
            "from": [10,6,10],
            "to": [11,10,11],
            "faces": {
                "up": {
                    "texture": "#front"
                },
                "down": {
                    "texture": "#front"
                },
                "east": {
                    "uv": [11,6,12,10],
                    "texture": "#front"
                },
                "south": {
                    "uv": [11,6,12,10],
                    "texture": "#front"
                }
            }
        },
        {
            "from": [10,6,5],
            "to": [11,10,6],
            "faces": {
                "up": {
                    "texture": "#front"
                },
                "down": {
                    "texture": "#front"
                },
                "east": {
                    "texture": "#front"
                },
                "north": {
                    "texture": "#front"
                }
            }
        },
        {
            "from": [6,10,10],
            "to": [10,11,11],
            "faces": {
                "up": {
                    "uv": [6,5,11,6],
                    "texture": "#front"
                },
                "west": {
                    "texture": "#front"
                },
                "east": {
                    "texture": "#front"
                },
                "south": {
                    "uv": [6,5,11,7],
                    "texture": "#front"
                }
            }
        },
        {
            "from": [6,10,5],
            "to": [10,11,6],
            "faces": {
                "up": {
                    "uv": [10,5,6,6],
                    "texture": "#front"
                },
                "west": {
                    "texture": "#front"
                },
                "east": {
                    "uv": [5,5,6,6],
                    "texture": "#front"
                },
                "north": {
                    "texture": "#front"
                }
            }
        },
        {
            "from": [6,5,10],
            "to": [10,6,11],
            "faces": {
                "down": {
                    "uv": [6,11,10,12],
                    "texture": "#front"
                },
                "west": {
                    "texture": "#front"
                },
                "east": {
                    "texture": "#front"
                },
                "south": {
                    "uv": [6,10,11,12],
                    "texture": "#front"
                }
            }
        },
        {
            "from": [6,5,5],
            "to": [10,6,6],
            "faces": {
                "down": {
                    "uv": [8,5,12,6],
                    "texture": "#front"
                },
                "west": {
                    "texture": "#front"
                },
                "east": {
                    "texture": "#front"
                },
                "north": {
                    "uv": [6,11,10,12],
                    "texture": "#front"
                }
            }
        }
    ]
}