{
    "__createdwith": "opl's Model Creator",
    "ambientocclusion": false,
    "textures": {
        "all": "blocks/slime",
        "particle": "blocks/slime"
    },	
	"display": {
		"gui": {
			"rotation": [15,15,0]
		},
		"fixed": {
			"rotation": [0,180,0]
		},
		"thirdperson_righthand": {
			"scale": [0.5,0.5,0.5],
			"rotation": [0,180,0]
		},
		"thirdperson_lefthand": {
			"scale": [0.5,0.5,0.5],
			"rotation": [0,180,0]
		},
		"firstperson_righthand": {
			"scale": [0.5,0.5,0.5],
			"rotation": [0,180,0]
		},
		"firstperson_lefthand": {
			"scale": [0.5,0.5,0.5],
			"rotation": [0,180,0]
		}
	},
    "elements": [
        {
            "from": [4,6,6],
            "to": [5,10,10],
            "faces": {
                "up": {
                    "texture": "#all"
                },
                "down": {
                    "texture": "#all"
                },
                "west": {
                    "uv": [10,8,14,12],
                    "texture": "#all"
                },
                "north": {
                    "texture": "#all"
                },
                "south": {
                    "texture": "#all"
                }
            }
        },
        {
            "from": [11,6,6],
            "to": [12,10,10],
            "faces": {
                "up": {
                    "texture": "#all"
                },
                "down": {
                    "texture": "#all"
                },
                "east": {
                    "uv": [10,7,14,11],
                    "texture": "#all"
                },
                "north": {
                    "texture": "#all"
                },
                "south": {
                    "texture": "#all"
                }
            }
        },
        {
            "from": [6,4,6],
            "to": [10,5,10],
            "faces": {
                "down": {
                    "uv": [10,7,14,11],
                    "texture": "#all"
                },
                "west": {
                    "texture": "#all"
                },
                "east": {
                    "texture": "#all"
                },
                "north": {
                    "texture": "#all"
                },
                "south": {
                    "texture": "#all"
                }
            }
        },
        {
            "from": [6,11,6],
            "to": [10,12,10],
            "faces": {
                "up": {
                    "uv": [4,8,8,12],
                    "texture": "#all"
                },
                "west": {
                    "texture": "#all"
                },
                "east": {
                    "texture": "#all"
                },
                "north": {
                    "texture": "#all"
                },
                "south": {
                    "texture": "#all"
                }
            }
        },
        {
            "from": [5,10,6],
            "to": [6,11,10],
            "faces": {
                "up": {
                    "texture": "#all"
                },
                "west": {
                    "texture": "#all"
                },
                "north": {
                    "texture": "#all"
                },
                "south": {
                    "texture": "#all"
                }
            }
        },
        {
            "from": [10,10,6],
            "to": [11,11,10],
            "faces": {
                "up": {
                    "texture": "#all"
                },
                "east": {
                    "texture": "#all"
                },
                "north": {
                    "texture": "#all"
                },
                "south": {
                    "texture": "#all"
                }
            }
        },
        {
            "from": [5,5,6],
            "to": [6,6,10],
            "faces": {
                "down": {
                    "texture": "#all"
                },
                "west": {
                    "texture": "#all"
                },
                "north": {
                    "texture": "#all"
                },
                "south": {
                    "texture": "#all"
                }
            }
        },
        {
            "from": [10,5,6],
            "to": [11,6,10],
            "faces": {
                "down": {
                    "texture": "#all"
                },
                "east": {
                    "texture": "#all"
                },
                "north": {
                    "texture": "#all"
                },
                "south": {
                    "texture": "#all"
                }
            }
        },
        {
            "from": [6,6,4],
            "to": [10,10,5],
            "faces": {
                "up": {
                    "texture": "#all"
                },
                "down": {
                    "texture": "#all"
                },
                "west": {
                    "texture": "#all"
                },
                "east": {
                    "texture": "#all"
                },
                "north": {
                    "uv": [9,7,13,11],
                    "texture": "#all"
                }
            }
        },
        {
            "from": [6,6,11],
            "to": [10,10,12],
            "faces": {
                "up": {
                    "texture": "#all"
                },
                "down": {
                    "texture": "#all"
                },
                "west": {
                    "texture": "#all"
                },
                "east": {
                    "texture": "#all"
                },
                "south": {
                    "uv": [4,8,8,12],
                    "texture": "#all"
                }
            }
        },
        {
            "from": [5,6,5],
            "to": [6,10,6],
            "faces": {
                "up": {
                    "texture": "#all"
                },
                "down": {
                    "texture": "#all"
                },
                "west": {
                    "texture": "#all"
                },
                "north": {
                    "texture": "#all"
                }
            }
        },
        {
            "from": [5,6,10],
            "to": [6,10,11],
            "faces": {
                "up": {
                    "texture": "#all"
                },
                "down": {
                    "texture": "#all"
                },
                "west": {
                    "texture": "#all"
                },
                "south": {
                    "texture": "#all"
                }
            }
        },
        {
            "from": [10,3,10],
            "to": [11,10,11],
            "faces": {
                "up": {
                    "texture": "#all"
                },
                "down": {
                    "texture": "#all"
                },
                "west": {
                    "texture": "#all"
                },
                "east": {
                    "texture": "#all"
                },
                "north": {
                    "texture": "#all"
                },
                "south": {
                    "texture": "#all"
                }
            }
        },
        {
            "from": [10,6,5],
            "to": [11,10,6],
            "faces": {
                "up": {
                    "texture": "#all"
                },
                "down": {
                    "texture": "#all"
                },
                "east": {
                    "texture": "#all"
                },
                "north": {
                    "texture": "#all"
                }
            }
        },
        {
            "from": [6,10,10],
            "to": [10,11,11],
            "faces": {
                "up": {
                    "texture": "#all"
                },
                "west": {
                    "texture": "#all"
                },
                "east": {
                    "texture": "#all"
                },
                "south": {
                    "texture": "#all"
                }
            }
        },
        {
            "from": [6,10,5],
            "to": [10,11,6],
            "faces": {
                "up": {
                    "texture": "#all"
                },
                "west": {
                    "texture": "#all"
                },
                "east": {
                    "texture": "#all"
                },
                "north": {
                    "texture": "#all"
                }
            }
        },
        {
            "from": [6,5,10],
            "to": [10,6,11],
            "faces": {
                "down": {
                    "texture": "#all"
                },
                "west": {
                    "texture": "#all"
                },
                "east": {
                    "texture": "#all"
                },
                "south": {
                    "texture": "#all"
                }
            }
        },
        {
            "from": [6,5,5],
            "to": [10,6,6],
            "faces": {
                "down": {
                    "texture": "#all"
                },
                "west": {
                    "texture": "#all"
                },
                "east": {
                    "texture": "#all"
                },
                "north": {
                    "texture": "#all"
                }
            }
        },
        {
            "from": [11,5,8],
            "to": [12,6,9],
            "faces": {
                "up": {
                    "texture": "#all"
                },
                "down": {
                    "texture": "#all"
                },
                "east": {
                    "texture": "#all"
                },
                "north": {
                    "texture": "#all"
                },
                "south": {
                    "texture": "#all"
                }
            }
        },
        {
            "from": [5,2,8],
            "to": [6,5,9],
            "faces": {
                "up": {
                    "texture": "#all"
                },
                "down": {
                    "texture": "#all"
                },
                "west": {
                    "texture": "#all"
                },
                "east": {
                    "texture": "#all"
                },
                "north": {
                    "texture": "#all"
                },
                "south": {
                    "texture": "#all"
                }
            }
        },
        {
            "from": [6,4,11],
            "to": [7,6,12],
            "faces": {
                "down": {
                    "texture": "#all"
                },
                "west": {
                    "texture": "#all"
                },
                "east": {
                    "texture": "#all"
                },
                "north": {
                    "texture": "#all"
                },
                "south": {
                    "texture": "#all"
                }
            }
        },
        {
            "from": [8,3,5],
            "to": [9,5,6],
            "faces": {
                "up": {
                    "texture": "#all"
                },
                "down": {
                    "texture": "#all"
                },
                "west": {
                    "texture": "#all"
                },
                "east": {
                    "texture": "#all"
                },
                "north": {
                    "texture": "#all"
                },
                "south": {
                    "texture": "#all"
                }
            }
        }
    ]
}