{
    "__createdwith": "opl's Model Creator",
    "ambientocclusion": false,
    "textures": {
        "top": "blocks/stone_slab_top",
        "side": "blocks/stone_slab_side",
        "leg": "blocks/log_oak",
        "layer": "items/cutting_table_layer"
    },
	"display":{
		"head":{
			"rotation": [ 0, 0, 0 ],
            "translation": [ 0, -18, 0 ],
            "scale": [ 2, 2, 2 ]
		},
		"firstperson_righthand":{
            "translation": [ 0, 0, 0 ],
            "scale": [ 0.75, 0.75, 0.75 ]
		},
		"thirdperson_righthand":{
            "translation": [ 0, 0, 0 ],
            "scale": [ 0.5, 0.5, 0.5 ]
		},
		"gui":{
			"rotation": [ 15, 45, 0 ],
            "translation": [ 0, 0, 0 ],
            "scale": [ 0.75, 0.75, 0.75 ]
		}
	},
    "elements": [
        {
            "from": [0,12,0],
            "to": [16,16,16],
            "faces": {
                "up": {
                    "texture": "#top"
                },
                "down": {
                    "texture": "#top"
                },
                "west": {
                    "texture": "#side"
                },
                "east": {
                    "texture": "#side"
                },
                "north": {
                    "texture": "#side"
                },
                "south": {
                    "texture": "#side"
                }
            }
        },
        {
            "from": [0,0,0],
            "to": [2,12,2],
            "faces": {
                "down": {
                    "texture": "#leg"
                },
                "west": {
                    "texture": "#leg"
                },
                "east": {
                    "texture": "#leg"
                },
                "north": {
                    "texture": "#leg"
                }
            }
        },
        {
            "from": [14,0,14],
            "to": [16,12,16],
            "faces": {
                "down": {
                    "texture": "#leg"
                },
                "west": {
                    "texture": "#leg"
                },
                "east": {
                    "texture": "#leg"
                },
                "north": {
                    "texture": "#leg"
                },
                "south": {
                    "texture": "#leg"
                }
            }
        },
        {
            "from": [14,0,0],
            "to": [16,12,2],
            "faces": {
                "down": {
                    "texture": "#leg"
                },
                "west": {
                    "texture": "#leg"
                },
                "east": {
                    "texture": "#leg"
                },
                "north": {
                    "texture": "#leg"
                },
                "south": {
                    "texture": "#leg"
                }
            }
        },
        {
            "from": [0,0,14],
            "to": [2,12,16],
            "faces": {
                "down": {
                    "texture": "#leg"
                },
                "west": {
                    "texture": "#leg"
                },
                "east": {
                    "texture": "#leg"
                },
                "north": {
                    "texture": "#leg"
                },
                "south": {
                    "texture": "#leg"
                }
            }
        },
        {
            "from": [0,6,2],
            "to": [2,8,14],
            "faces": {
                "up": {
                    "texture": "#leg"
                },
                "down": {
                    "texture": "#leg"
                },
                "west": {
                    "texture": "#leg"
                },
                "east": {
                    "texture": "#leg"
                }
            }
        },
        {
            "from": [14,6,2],
            "to": [16,8,14],
            "faces": {
                "up": {
                    "texture": "#leg"
                },
                "down": {
                    "texture": "#leg"
                },
                "west": {
                    "texture": "#leg"
                },
                "east": {
                    "texture": "#leg"
                }
            }
        },
        {
            "from": [2,6,7],
            "to": [14,8,9],
            "faces": {
                "up": {
                    "texture": "#leg"
                },
                "down": {
                    "texture": "#leg"
                },
                "north": {
                    "texture": "#leg"
                },
                "south": {
                    "texture": "#leg"
                }
            }
        },
        {
            "from": [0,16,0],
            "to": [16,16,16],
            "faces": {
                "up": {
                    "texture": "#layer"
                }
            }
        },
        {
            "from": [-4,11,8],
            "to": [5,20,8],
            "faces": {
                "north": {
                    "uv": [16,0,7,9],
                    "texture": "#layer"
                },
                "south": {
                    "uv": [7,0,16,9],
                    "texture": "#layer"
                }
            }
        },
        {
            "from": [0,16,0],
            "to": [6,20,6],
            "faces": {
                "up": {
                    "uv": [5,3,10,8],
                    "texture": "#top"
                },
                "west": {
                    "texture": "#top"
                },
                "east": {
                    "texture": "#top"
                },
                "north": {
                    "texture": "#top"
                },
                "south": {
                    "texture": "#top"
                }
            }
        }
    ]
}