{
	"parent": "block/cube_all",
    "__createdwith": "opl's Model Creator",
    "ambientocclusion": false,
    "textures": {
        "top": "items/dujintiexiang_top",
        "side": "items/dujintiexiang_side"
    },
    "elements": [
        {
            "from": [0,0,0],
            "to": [16,16,16],
            "faces": {
                "up": {
                    "texture": "#top"
                },
                "down": {
                    "texture": "#top"
                },
                "west": {
                    "texture": "#side"
                },
                "east": {
                    "texture": "#side"
                },
                "north": {
                    "texture": "#side"
                },
                "south": {
                    "texture": "#side"
                }
            }
        },
        {
            "from": [6,18,7],
            "to": [10,19,9],
            "faces": {
                "up": {
                    "texture": "#side"
                },
                "down": {
                    "texture": "#side"
                },
                "west": {
                    "uv": [7,4,9,5],
                    "texture": "#side"
                },
                "east": {
                    "uv": [7,5,9,6],
                    "texture": "#side"
                },
                "north": {
                    "uv": [6,5,10,6],
                    "texture": "#side"
                },
                "south": {
                    "uv": [6,4,10,5],
                    "texture": "#side"
                }
            }
        },
        {
            "from": [10,0,7],
            "to": [11,18,9],
            "faces": {
                "up": {
                    "texture": "#side"
                },
                "down": {
                    "texture": "#side"
                },
                "west": {
                    "uv": [7,0,9,16],
                    "texture": "#side"
                },
                "east": {
                    "uv": [7,0,9,16],
                    "texture": "#side"
                },
                "north": {
                    "uv": [10,0,11,16],
                    "texture": "#side"
                },
                "south": {
                    "uv": [11,0,12,16],
                    "texture": "#side"
                }
            }
        },
        {
            "from": [5,0,7],
            "to": [6,18,9],
            "faces": {
                "up": {
                    "texture": "#side"
                },
                "down": {
                    "texture": "#side"
                },
                "west": {
                    "uv": [7,0,9,16],
                    "texture": "#side"
                },
                "east": {
                    "uv": [7,0,9,16],
                    "texture": "#side"
                },
                "north": {
                    "uv": [5,0,6,16],
                    "texture": "#side"
                },
                "south": {
                    "uv": [5,0,6,16],
                    "texture": "#side"
                }
            }
        }
    ]
}