{
    "__createdwith": "opl's Model Creator",
    "ambientocclusion": false,
    "textures": {
        "head": "items/wand_iron_head",
        "hand": "items/wand_spurce_hand"
    },
    "elements": [
        {
            "from": [6.5,7,6.5],
            "to": [9.5,9,9.5],
            "faces": {
                "up": {
                    "uv": [4,0,8,4],
                    "texture": "#head"
                },
                "down": {
                    "uv": [8,0,12,4],
                    "texture": "#head"
                },
                "west": {
                    "uv": [0,4,4,7],
                    "texture": "#head"
                },
                "east": {
                    "uv": [4,4,8,7],
                    "texture": "#head"
                },
                "north": {
                    "uv": [8,4,12,7],
                    "texture": "#head"
                },
                "south": {
                    "uv": [4,4,8,7],
                    "texture": "#head"
                }
            }
        }
    ]
}