{
    "textures": {
        "hand": "items/wand_spurce_hand",
        "head": "items/wand_iron_head"
    },
	"display": {
		"gui": {
			"rotation": [ 0, 0, 45 ],
            "translation": [ 3, -3, -3 ],
            "scale": [ 0.55, 0.55, 0.55 ]
		},
		"firstperson_righthand": {
			"rotation": [ 0, -45, 0 ],
            "translation": [ 0, 0, 0 ],
            "scale": [ 0.55, 0.55, 0.55 ]
		},
		"thirdperson_righthand": {
			"rotation": [ 0, -45, 0 ],
            "translation": [ -1, 0, 2 ],
            "scale": [ 0.55, 0.55, 0.55 ]
		},
		"ground": {
			"translation": [ 0, 3, 0 ],
            "scale": [ 0.55, 0.55, 0.55 ]
		},
		"fixed": {
			"translation": [ 0, -3, 0 ],
            "scale": [ 0.55, 0.55, 0.55 ]
		}
	},
    "elements": [
        {
            "from": [6.5,26,6.5],
            "to": [9.5,28,9.5],
            "faces": {
                "up": {
                    "uv": [4,0,8,4],
                    "texture": "#head"
                },
                "down": {
                    "uv": [8,0,12,4],
                    "texture": "#head"
                },
                "west": {
                    "uv": [0,4,4,7],
                    "texture": "#head"
                },
                "east": {
                    "uv": [4,4,8,7],
                    "texture": "#head"
                },
                "north": {
                    "uv": [8,4,12,7],
                    "texture": "#head"
                },
                "south": {
                    "uv": [4,4,8,7],
                    "texture": "#head"
                }
            }
        },
        {
            "from": [7,10,7],
            "to": [9,18,9],
            "faces": {
                "west": {
                    "uv": [4,0,8,16],
                    "texture": "#hand"
                },
                "east": {
                    "uv": [4,0,8,16],
                    "texture": "#hand"
                },
                "north": {
                    "uv": [4,0,8,16],
                    "texture": "#hand"
                },
                "south": {
                    "uv": [4,0,8,16],
                    "texture": "#hand"
                }
            }
        },
        {
            "from": [7,18,7],
            "to": [9,26,9],
            "faces": {
                "west": {
                    "uv": [0,0,4,16],
                    "texture": "#hand"
                },
                "east": {
                    "uv": [0,0,4,16],
                    "texture": "#hand"
                },
                "north": {
                    "uv": [0,0,4,16],
                    "texture": "#hand"
                },
                "south": {
                    "uv": [0,0,4,16],
                    "texture": "#hand"
                }
            }
        },
        {
            "from": [7,2,7],
            "to": [9,10,9],
            "faces": {
                "west": {
                    "uv": [8,0,12,16],
                    "texture": "#hand"
                },
                "east": {
                    "uv": [8,0,12,16],
                    "texture": "#hand"
                },
                "north": {
                    "uv": [8,0,12,16],
                    "texture": "#hand"
                },
                "south": {
                    "uv": [8,0,12,16],
                    "texture": "#hand"
                }
            }
        },
        {
            "from": [6.5,0,6.5],
            "to": [9.5,2,9.5],
            "faces": {
                "up": {
                    "uv": [4,0,8,4],
                    "texture": "#head"
                },
                "down": {
                    "uv": [8,0,12,4],
                    "texture": "#head"
                },
                "west": {
                    "uv": [0,4,4,7],
                    "texture": "#head"
                },
                "east": {
                    "uv": [4,4,8,7],
                    "texture": "#head"
                },
                "north": {
                    "uv": [8,4,12,7],
                    "texture": "#head"
                },
                "south": {
                    "uv": [4,4,8,7],
                    "texture": "#head"
                }
            }
        }
    ]
}