{
	"parent": "block/block",
    "__createdwith": "opl's Model Creator",
    "ambientocclusion": true,
    "textures": {
        "side": "blocks/log_jungle",
        "top": "blocks/log_jungle_top",
        "mushroom": "blocks/jungle_mushroom",
        "particle": "blocks/log_jungle",
        "mushroom2": "blocks/jungle_mushroom2"
    },
    "elements": [
        {
            "from": [0,0,0],
            "to": [16,16,16],
            "faces": {
                "up": {
                    "texture": "#top"
                },
                "down": {
                    "texture": "#top"
                },
                "west": {
                    "texture": "#side"
                },
                "east": {
                    "texture": "#side"
                },
                "north": {
                    "texture": "#side"
                },
                "south": {
                    "texture": "#side"
                }
            }
        }
    ]
}