{
	"parent": "block/block",
    "__createdwith": "opl's Model Creator",
    "textures": {
        "side": "blocks/log_jungle",
        "top": "blocks/log_jungle_top",
        "mushroom": "blocks/mushroom_brown",
        "particle": "blocks/log_jungle"
    },
    "elements": [
        {
            "from": [0,0,0],
            "to": [16,16,16],
            "faces": {
                "up": {
                    "texture": "#top"
                },
                "down": {
                    "texture": "#top"
                },
                "west": {
                    "texture": "#side"
                },
                "east": {
                    "texture": "#side"
                },
                "north": {
                    "texture": "#side"
                },
                "south": {
                    "texture": "#side"
                }
            }
        },
        {
            "from": [16,7,8],
            "to": [18,8,12],
            "faces": {
                "up": {
                    "uv": [6,10,7,11],
                    "texture": "#mushroom"
                },
                "down": {
                    "uv": [6,10,8,11],
                    "texture": "#mushroom"
                },
                "east": {
                    "uv": [8,10,9,11],
                    "texture": "#mushroom"
                },
                "north": {
                    "uv": [7,10,8,11],
                    "texture": "#mushroom"
                },
                "south": {
                    "uv": [7,10,9,11],
                    "texture": "#mushroom"
                }
            }
        },
        {
            "from": [16,7,6],
            "to": [17,8,8],
            "faces": {
                "up": {
                    "uv": [6,10,7,11],
                    "texture": "#mushroom"
                },
                "down": {
                    "uv": [6,10,8,11],
                    "texture": "#mushroom"
                },
                "east": {
                    "uv": [8,10,9,11],
                    "texture": "#mushroom"
                },
                "north": {
                    "uv": [7,10,8,11],
                    "texture": "#mushroom"
                },
                "south": {
                    "uv": [7,10,9,11],
                    "texture": "#mushroom"
                }
            }
        },
        {
            "from": [16,7,12],
            "to": [17,8,14],
            "faces": {
                "up": {
                    "uv": [6,10,7,11],
                    "texture": "#mushroom"
                },
                "down": {
                    "uv": [6,10,8,11],
                    "texture": "#mushroom"
                },
                "east": {
                    "uv": [8,10,9,11],
                    "texture": "#mushroom"
                },
                "north": {
                    "uv": [7,10,8,11],
                    "texture": "#mushroom"
                },
                "south": {
                    "uv": [7,10,9,11],
                    "texture": "#mushroom"
                }
            }
        },
        {
            "from": [16,5,3],
            "to": [17,6,4],
            "faces": {
                "up": {
                    "uv": [6,10,7,11],
                    "texture": "#mushroom"
                },
                "down": {
                    "uv": [6,10,8,11],
                    "texture": "#mushroom"
                },
                "east": {
                    "uv": [8,10,9,11],
                    "texture": "#mushroom"
                },
                "north": {
                    "uv": [7,10,8,11],
                    "texture": "#mushroom"
                },
                "south": {
                    "uv": [7,10,9,11],
                    "texture": "#mushroom"
                }
            }
        },
        {
            "from": [16,5,4],
            "to": [18,6,8],
            "faces": {
                "up": {
                    "uv": [6,10,7,11],
                    "texture": "#mushroom"
                },
                "down": {
                    "uv": [6,10,8,11],
                    "texture": "#mushroom"
                },
                "east": {
                    "uv": [8,10,9,11],
                    "texture": "#mushroom"
                },
                "north": {
                    "uv": [7,10,8,11],
                    "texture": "#mushroom"
                },
                "south": {
                    "uv": [7,10,9,11],
                    "texture": "#mushroom"
                }
            }
        },
        {
            "from": [16,5,8],
            "to": [17,6,10],
            "faces": {
                "up": {
                    "uv": [6,10,7,11],
                    "texture": "#mushroom"
                },
                "down": {
                    "uv": [6,10,8,11],
                    "texture": "#mushroom"
                },
                "east": {
                    "uv": [8,10,9,11],
                    "texture": "#mushroom"
                },
                "north": {
                    "uv": [7,10,8,11],
                    "texture": "#mushroom"
                },
                "south": {
                    "uv": [7,10,9,11],
                    "texture": "#mushroom"
                }
            }
        },
        {
            "from": [16,11,3],
            "to": [17,12,5],
            "faces": {
                "up": {
                    "uv": [6,10,7,11],
                    "texture": "#mushroom"
                },
                "down": {
                    "uv": [6,10,8,11],
                    "texture": "#mushroom"
                },
                "east": {
                    "uv": [8,10,9,11],
                    "texture": "#mushroom"
                },
                "north": {
                    "uv": [7,10,8,11],
                    "texture": "#mushroom"
                },
                "south": {
                    "uv": [7,10,9,11],
                    "texture": "#mushroom"
                }
            }
        },
        {
            "from": [16,11,5],
            "to": [18,12,8],
            "faces": {
                "up": {
                    "uv": [6,10,7,11],
                    "texture": "#mushroom"
                },
                "down": {
                    "uv": [6,10,8,11],
                    "texture": "#mushroom"
                },
                "east": {
                    "uv": [8,10,9,11],
                    "texture": "#mushroom"
                },
                "north": {
                    "uv": [7,10,8,11],
                    "texture": "#mushroom"
                },
                "south": {
                    "uv": [7,10,9,11],
                    "texture": "#mushroom"
                }
            }
        },
        {
            "from": [16,11,8],
            "to": [17,12,9],
            "faces": {
                "up": {
                    "uv": [6,10,7,11],
                    "texture": "#mushroom"
                },
                "down": {
                    "uv": [6,10,8,11],
                    "texture": "#mushroom"
                },
                "east": {
                    "uv": [8,10,9,11],
                    "texture": "#mushroom"
                },
                "north": {
                    "uv": [7,10,8,11],
                    "texture": "#mushroom"
                },
                "south": {
                    "uv": [7,10,9,11],
                    "texture": "#mushroom"
                }
            }
        },
        {
            "from": [10,8,16],
            "to": [12,9,17],
            "faces": {
                "up": {
                    "uv": [6,10,7,11],
                    "texture": "#mushroom"
                },
                "down": {
                    "uv": [6,10,8,11],
                    "texture": "#mushroom"
                },
                "east": {
                    "uv": [8,10,9,11],
                    "texture": "#mushroom"
                },
                "north": {
                    "uv": [7,10,8,11],
                    "texture": "#mushroom"
                },
                "south": {
                    "uv": [7,10,9,11],
                    "texture": "#mushroom"
                }
            }
        },
        {
            "from": [7,8,16],
            "to": [10,9,18],
            "faces": {
                "up": {
                    "uv": [6,10,7,11],
                    "texture": "#mushroom"
                },
                "down": {
                    "uv": [6,10,8,11],
                    "texture": "#mushroom"
                },
                "west": {
                    "uv": [6,10,8,11],
                    "texture": "#mushroom"
                },
                "east": {
                    "uv": [8,10,9,11],
                    "texture": "#mushroom"
                },
                "north": {
                    "uv": [7,10,8,11],
                    "texture": "#mushroom"
                },
                "south": {
                    "uv": [7,10,9,11],
                    "texture": "#mushroom"
                }
            }
        },
        {
            "from": [5,8,16],
            "to": [7,9,17],
            "faces": {
                "up": {
                    "uv": [6,10,7,11],
                    "texture": "#mushroom"
                },
                "down": {
                    "uv": [6,10,8,11],
                    "texture": "#mushroom"
                },
                "west": {
                    "uv": [6,11,7,12],
                    "texture": "#mushroom"
                },
                "east": {
                    "uv": [8,10,9,11],
                    "texture": "#mushroom"
                },
                "north": {
                    "uv": [7,10,8,11],
                    "texture": "#mushroom"
                },
                "south": {
                    "uv": [7,10,9,11],
                    "texture": "#mushroom"
                }
            }
        },
        {
            "from": [6,12,16],
            "to": [8,13,17],
            "faces": {
                "up": {
                    "uv": [6,10,7,11],
                    "texture": "#mushroom"
                },
                "down": {
                    "uv": [6,10,8,11],
                    "texture": "#mushroom"
                },
                "east": {
                    "uv": [8,10,9,11],
                    "texture": "#mushroom"
                },
                "north": {
                    "uv": [7,10,8,11],
                    "texture": "#mushroom"
                },
                "south": {
                    "uv": [7,10,9,11],
                    "texture": "#mushroom"
                }
            }
        },
        {
            "from": [3,12,16],
            "to": [6,13,18],
            "faces": {
                "up": {
                    "uv": [6,10,7,11],
                    "texture": "#mushroom"
                },
                "down": {
                    "uv": [6,10,8,11],
                    "texture": "#mushroom"
                },
                "west": {
                    "uv": [6,10,8,11],
                    "texture": "#mushroom"
                },
                "east": {
                    "uv": [8,10,9,11],
                    "texture": "#mushroom"
                },
                "north": {
                    "uv": [7,10,8,11],
                    "texture": "#mushroom"
                },
                "south": {
                    "uv": [7,10,9,11],
                    "texture": "#mushroom"
                }
            }
        },
        {
            "from": [1,12,16],
            "to": [3,13,17],
            "faces": {
                "up": {
                    "uv": [6,10,7,11],
                    "texture": "#mushroom"
                },
                "down": {
                    "uv": [6,10,8,11],
                    "texture": "#mushroom"
                },
                "west": {
                    "uv": [8,10,9,11],
                    "texture": "#mushroom"
                },
                "east": {
                    "uv": [8,10,9,11],
                    "texture": "#mushroom"
                },
                "north": {
                    "uv": [7,10,8,11],
                    "texture": "#mushroom"
                },
                "south": {
                    "uv": [7,10,9,11],
                    "texture": "#mushroom"
                }
            }
        }
    ]
}