{
	"parent": "block/block",
    "__createdwith": "opl's Model Creator",
    "ambientocclusion": true,
    "textures": {
        "side": "blocks/log_jungle",
        "top": "blocks/log_jungle_top",
        "particle": "blocks/log_jungle",
        "moss": "blocks/jungle_mushroom2"
    },
    "elements": [
        {
            "from": [0,0,0],
            "to": [16,16,16],
            "faces": {
                "up": {
                    "texture": "#top"
                },
                "down": {
                    "texture": "#top"
                },
                "west": {
                    "texture": "#side"
                },
                "east": {
                    "texture": "#side"
                },
                "north": {
                    "texture": "#side"
                },
                "south": {
                    "texture": "#moss"
                }
            }
        },
        {
            "from": [3,10,15],
            "to": [4,11,17],
            "faces": {
                "up": {
                    "uv": [2,11,3,12],
                    "texture": "#moss"
                },
                "down": {
                    "uv": [2,11,3,12],
                    "texture": "#moss"
                },
                "west": {
                    "uv": [2,11,3,12],
                    "texture": "#moss"
                },
                "east": {
                    "uv": [2,11,3,12],
                    "texture": "#moss"
                },
                "north": {
                    "texture": "#side"
                },
                "south": {
                    "uv": [2,11,3,12],
                    "texture": "#moss"
                }
            }
        },
        {
            "from": [6,12,16],
            "to": [7,13,19],
            "faces": {
                "up": {
                    "uv": [2,11,3,12],
                    "texture": "#moss"
                },
                "down": {
                    "uv": [2,11,3,12],
                    "texture": "#moss"
                },
                "west": {
                    "uv": [2,11,3,12],
                    "texture": "#moss"
                },
                "east": {
                    "uv": [2,11,3,12],
                    "texture": "#moss"
                },
                "north": {
                    "texture": "#side"
                },
                "south": {
                    "uv": [2,11,3,12],
                    "texture": "#moss"
                }
            }
        },
        {
            "from": [6,11,19],
            "to": [7,12,20],
            "faces": {
                "up": {
                    "uv": [2,11,3,12],
                    "texture": "#moss"
                },
                "down": {
                    "uv": [2,11,3,12],
                    "texture": "#moss"
                },
                "west": {
                    "uv": [2,11,3,12],
                    "texture": "#moss"
                },
                "east": {
                    "uv": [2,11,3,12],
                    "texture": "#moss"
                },
                "north": {
                    "texture": "#moss"
                },
                "south": {
                    "uv": [2,11,3,12],
                    "texture": "#moss"
                }
            }
        },
        {
            "from": [5,2,18],
            "to": [6,3,19],
            "faces": {
                "up": {
                    "uv": [2,11,3,12],
                    "texture": "#moss"
                },
                "down": {
                    "uv": [2,11,3,12],
                    "texture": "#moss"
                },
                "west": {
                    "uv": [2,11,3,12],
                    "texture": "#moss"
                },
                "east": {
                    "uv": [2,11,3,12],
                    "texture": "#moss"
                },
                "north": {
                    "texture": "#moss"
                },
                "south": {
                    "uv": [2,11,3,12],
                    "texture": "#moss"
                }
            }
        },
        {
            "from": [5,13,19],
            "to": [7,15,20],
            "faces": {
                "up": {
                    "uv": [2,11,3,12],
                    "texture": "#moss"
                },
                "down": {
                    "uv": [2,11,3,12],
                    "texture": "#moss"
                },
                "west": {
                    "uv": [2,11,3,12],
                    "texture": "#moss"
                },
                "east": {
                    "uv": [2,11,3,12],
                    "texture": "#moss"
                },
                "north": {
                    "texture": "#moss"
                },
                "south": {
                    "uv": [2,11,3,12],
                    "texture": "#moss"
                }
            }
        },
        {
            "from": [4,2,16],
            "to": [5,3,18],
            "faces": {
                "up": {
                    "uv": [2,11,3,12],
                    "texture": "#moss"
                },
                "down": {
                    "uv": [2,11,3,12],
                    "texture": "#moss"
                },
                "west": {
                    "uv": [2,11,3,12],
                    "texture": "#moss"
                },
                "east": {
                    "uv": [2,11,3,12],
                    "texture": "#moss"
                },
                "north": {
                    "texture": "#side"
                },
                "south": {
                    "uv": [2,11,3,12],
                    "texture": "#moss"
                }
            }
        },
        {
            "from": [12,4,16],
            "to": [13,5,17],
            "faces": {
                "up": {
                    "uv": [2,11,3,12],
                    "texture": "#moss"
                },
                "down": {
                    "uv": [2,11,3,12],
                    "texture": "#moss"
                },
                "west": {
                    "uv": [2,11,3,12],
                    "texture": "#moss"
                },
                "east": {
                    "uv": [2,11,3,12],
                    "texture": "#moss"
                },
                "north": {
                    "texture": "#side"
                },
                "south": {
                    "uv": [2,11,3,12],
                    "texture": "#moss"
                }
            }
        }
    ]
}