{
    "__createdwith": "opl's Model Creator",
    "ambientocclusion": true,
    "textures": {
        "all": "blocks/reeds",
		"cross": "blocks/reeds",
        "inner": "blocks/reeds_inner",
		"particle": "blocks/reeds_inner"
    },
	"display": {
		"gui": {
			"scale": [2,2,2],
			"rotation": [15,15,0]
		}
	},
    "elements": [
		{   "from": [ 0, 0, 8 ],
            "to": [ 16, 16, 8 ],
            "rotation": { "origin": [ 8, 8, 8 ], "axis": "y", "angle": 45, "rescale": true },
            "shade": false,
            "faces": {
                "north": { "uv": [ 0, 0, 16, 16 ], "texture": "#cross" },
                "south": { "uv": [ 0, 0, 16, 16 ], "texture": "#cross" }
            }
        },
        {   "from": [ 8, 0, 0 ],
            "to": [ 8, 16, 16 ],
            "rotation": { "origin": [ 8, 8, 8 ], "axis": "y", "angle": 45, "rescale": true },
            "shade": false,
            "faces": {
                "west": { "uv": [ 0, 0, 16, 16 ], "texture": "#cross" },
                "east": { "uv": [ 0, 0, 16, 16 ], "texture": "#cross" }
            }
        },
        {
            "from": [1,0,1],
            "to": [3,16,3],
            "faces": {
                "up": {
                    "uv": [0,0,2,2],
                    "texture": "#inner"
                },
                "down": {
                    "uv": [0,0,2,2],
                    "texture": "#inner"
                },
                "west": {
                    "uv": [3,0,1,16],
                    "texture": "#all"
                },
                "east": {
                    "uv": [3,0,1,16],
                    "texture": "#all"
                },
                "north": {
                    "uv": [1,0,3,16],
                    "texture": "#all"
                },
                "south": {
                    "uv": [1,0,3,16],
                    "texture": "#all"
                }
            }
        },
        {
            "from": [5,0,5],
            "to": [7,16,7],
            "faces": {
                "up": {
                    "uv": [4,0,6,2],
                    "texture": "#inner"
                },
                "down": {
                    "uv": [4,0,6,2],
                    "texture": "#inner"
                },
                "west": {
                    "uv": [7,0,5,16],
                    "texture": "#all"
                },
                "east": {
                    "uv": [7,0,5,16],
                    "texture": "#all"
                },
                "north": {
                    "uv": [5,0,7,16],
                    "texture": "#all"
                },
                "south": {
                    "uv": [5,0,7,16],
                    "texture": "#all"
                }
            }
        },
        {
            "from": [13,0,1],
            "to": [15,16,3],
            "faces": {
                "up": {
                    "uv": [0,0,2,2],
                    "texture": "#inner"
                },
                "down": {
                    "uv": [0,0,2,2],
                    "texture": "#inner"
                },
                "west": {
                    "uv": [11,0,9,16],
                    "texture": "#all"
                },
                "east": {
                    "uv": [11,0,9,16],
                    "texture": "#all"
                },
                "north": {
                    "uv": [9,0,11,16],
                    "texture": "#all"
                },
                "south": {
                    "uv": [9,0,11,16],
                    "texture": "#all"
                }
            }
        },
        {
            "from": [1,0,13],
            "to": [3,16,15],
            "faces": {
                "up": {
                    "uv": [4,0,6,2],
                    "texture": "#inner"
                },
                "down": {
                    "uv": [2,0,4,2],
                    "texture": "#inner"
                },
                "west": {
                    "uv": [11,0,9,16],
                    "texture": "#all"
                },
                "east": {
                    "uv": [11,0,9,16],
                    "texture": "#all"
                },
                "north": {
                    "uv": [9,0,11,16],
                    "texture": "#all"
                },
                "south": {
                    "uv": [9,0,11,16],
                    "texture": "#all"
                }
            }
        },
        {
            "from": [9,0,9],
            "to": [11,16,11],
            "faces": {
                "up": {
                    "uv": [4,0,6,2],
                    "texture": "#inner"
                },
                "down": {
                    "uv": [4,0,6,2],
                    "texture": "#inner"
                },
                "west": {
                    "uv": [11,0,9,16],
                    "texture": "#all"
                },
                "east": {
                    "uv": [11,0,9,16],
                    "texture": "#all"
                },
                "north": {
                    "uv": [9,0,11,16],
                    "texture": "#all"
                },
                "south": {
                    "uv": [9,0,11,16],
                    "texture": "#all"
                }
            }
        },
        {
            "from": [13,0,13],
            "to": [15,16,15],
            "faces": {
                "up": {
                    "uv": [0,0,2,2],
                    "texture": "#inner"
                },
                "down": {
                    "uv": [0,0,2,2],
                    "texture": "#inner"
                },
                "west": {
                    "uv": [15,0,13,16],
                    "texture": "#all"
                },
                "east": {
                    "uv": [15,0,13,16],
                    "texture": "#all"
                },
                "north": {
                    "uv": [13,0,15,16],
                    "texture": "#all"
                },
                "south": {
                    "uv": [13,0,15,16],
                    "texture": "#all"
                }
            }
        },
        {
            "from": [9,0,5],
            "to": [11,16,7],
            "faces": {
                "up": {
                    "uv": [0,0,2,2],
                    "texture": "#inner"
                },
                "down": {
                    "uv": [0,0,2,2],
                    "texture": "#inner"
                },
                "west": {
                    "uv": [11,0,9,16],
                    "texture": "#all"
                },
                "east": {
                    "uv": [11,0,9,16],
                    "texture": "#all"
                },
                "north": {
                    "uv": [9,0,11,16],
                    "texture": "#all"
                },
                "south": {
                    "uv": [9,0,11,16],
                    "texture": "#all"
                }
            }
        },
        {
            "from": [5,0,9],
            "to": [7,16,11],
            "faces": {
                "up": {
                    "uv": [0,0,2,2],
                    "texture": "#inner"
                },
                "down": {
                    "uv": [0,0,2,2],
                    "texture": "#inner"
                },
                "west": {
                    "uv": [3,0,1,16],
                    "texture": "#all"
                },
                "east": {
                    "uv": [3,0,1,16],
                    "texture": "#all"
                },
                "north": {
                    "uv": [9,0,11,16],
                    "texture": "#all"
                },
                "south": {
                    "uv": [1,0,3,16],
                    "texture": "#all"
                }
            }
        }
    ]
}