{
    "__createdwith": "opl's Model Creator",
    "ambientocclusion": false,
    "textures": {
        "all": "items/ender_pearl",
        "particle": "items/ender_pearl",
        "center": "items/ender_pearl_full"
    },
	"display": {
		"gui": {
			"rotation": [15,15,0]
		},
		"fixed": {
			"rotation": [0,180,0]
		},
		"thirdperson_righthand": {
			"scale": [0.5,0.5,0.5],
			"rotation": [90,180,0]
		},
		"thirdperson_lefthand": {
			"scale": [0.5,0.5,0.5],
			"rotation": [90,180,0]
		},
		"firstperson_righthand": {
			"scale": [0.5,0.5,0.5],
			"rotation": [90,180,0]
		},
		"firstperson_lefthand": {
			"scale": [0.5,0.5,0.5],
			"rotation": [90,180,0]
		}
	},
    "elements": [
        {
            "from": [4,6,6],
            "to": [5,10,10],
            "faces": {
                "up": {
                    "texture": "#all"
                },
                "down": {
                    "uv": [10,6,11,10],
                    "texture": "#all"
                },
                "west": {
                    "uv": [11,7,7,11],
                    "texture": "#all"
                },
                "north": {
                    "texture": "#all"
                },
                "south": {
                    "texture": "#all"
                }
            }
        },
        {
            "from": [11,6,6],
            "to": [12,10,10],
            "faces": {
                "up": {
                    "texture": "#all"
                },
                "down": {
                    "texture": "#all"
                },
                "east": {
                    "uv": [7,7,11,11],
                    "texture": "#all"
                },
                "north": {
                    "texture": "#all"
                },
                "south": {
                    "texture": "#all"
                }
            }
        },
        {
            "from": [6,4,6],
            "to": [10,5,10],
            "faces": {
                "down": {
                    "uv": [7,7,11,11],
                    "texture": "#all"
                },
                "west": {
                    "uv": [10,11,6,12],
                    "texture": "#all"
                },
                "east": {
                    "texture": "#all"
                },
                "north": {
                    "texture": "#all"
                },
                "south": {
                    "texture": "#all"
                }
            }
        },
        {
            "from": [6,11,6],
            "to": [10,12,10],
            "faces": {
                "up": {
                    "uv": [7,11,11,7],
                    "texture": "#all"
                },
                "west": {
                    "uv": [11,4,7,5],
                    "texture": "#all"
                },
                "east": {
                    "uv": [8,5,12,6],
                    "texture": "#all"
                },
                "north": {
                    "uv": [8,5,12,6],
                    "texture": "#all"
                },
                "south": {
                    "uv": [7,4,11,5],
                    "texture": "#all"
                }
            }
        },
        {
            "from": [5,10,6],
            "to": [6,11,10],
            "faces": {
                "up": {
                    "uv": [11,10,12,6],
                    "texture": "#all"
                },
                "west": {
                    "uv": [12,5,8,6],
                    "texture": "#all"
                },
                "north": {
                    "texture": "#all"
                },
                "south": {
                    "uv": [7,5,8,6],
                    "texture": "#all"
                }
            }
        },
        {
            "from": [10,10,6],
            "to": [11,11,10],
            "faces": {
                "up": {
                    "uv": [10,10,11,6],
                    "texture": "#all"
                },
                "east": {
                    "uv": [8,5,12,6],
                    "texture": "#all"
                },
                "north": {
                    "texture": "#all"
                },
                "south": {
                    "texture": "#all"
                }
            }
        },
        {
            "from": [5,5,6],
            "to": [6,6,10],
            "faces": {
                "down": {
                    "uv": [10,7,11,11],
                    "texture": "#all"
                },
                "west": {
                    "uv": [10,10,6,11],
                    "texture": "#all"
                },
                "north": {
                    "texture": "#all"
                },
                "south": {
                    "texture": "#all"
                }
            }
        },
        {
            "from": [10,5,6],
            "to": [11,6,10],
            "faces": {
                "down": {
                    "texture": "#all"
                },
                "east": {
                    "texture": "#all"
                },
                "north": {
                    "texture": "#all"
                },
                "south": {
                    "texture": "#all"
                }
            }
        },
        {
            "from": [6,6,4],
            "to": [10,10,5],
            "faces": {
                "up": {
                    "texture": "#all"
                },
                "down": {
                    "texture": "#all"
                },
                "west": {
                    "uv": [11,6,12,10],
                    "texture": "#all"
                },
                "east": {
                    "uv": [10,6,11,10],
                    "texture": "#all"
                },
                "north": {
                    "uv": [7,7,11,11],
                    "texture": "#all"
                }
            }
        },
        {
            "from": [6,6,11],
            "to": [10,10,12],
            "faces": {
                "up": {
                    "uv": [12,11,8,12],
                    "texture": "#all"
                },
                "down": {
                    "texture": "#all"
                },
                "west": {
                    "uv": [5,6,6,10],
                    "texture": "#all"
                },
                "east": {
                    "texture": "#all"
                },
                "south": {
                    "uv": [6,6,11,11],
                    "texture": "#all"
                }
            }
        },
        {
            "from": [5,6,5],
            "to": [6,10,6],
            "faces": {
                "up": {
                    "texture": "#all"
                },
                "down": {
                    "texture": "#all"
                },
                "west": {
                    "uv": [10,6,11,10],
                    "texture": "#all"
                },
                "north": {
                    "uv": [10,7,11,11],
                    "texture": "#all"
                }
            }
        },
        {
            "from": [5,6,10],
            "to": [6,10,11],
            "faces": {
                "up": {
                    "uv": [11,11,12,12],
                    "texture": "#all"
                },
                "down": {
                    "texture": "#all"
                },
                "west": {
                    "uv": [6,6,7,10],
                    "texture": "#all"
                },
                "south": {
                    "texture": "#all"
                }
            }
        },
        {
            "from": [10,6,10],
            "to": [11,10,11],
            "faces": {
                "up": {
                    "texture": "#all"
                },
                "down": {
                    "texture": "#all"
                },
                "east": {
                    "texture": "#all"
                },
                "south": {
                    "uv": [10,6,11,11],
                    "texture": "#all"
                }
            }
        },
        {
            "from": [10,6,5],
            "to": [11,10,6],
            "faces": {
                "up": {
                    "texture": "#all"
                },
                "down": {
                    "texture": "#all"
                },
                "east": {
                    "uv": [10,6,11,10],
                    "texture": "#all"
                },
                "north": {
                    "texture": "#all"
                }
            }
        },
        {
            "from": [6,10,10],
            "to": [10,11,11],
            "faces": {
                "up": {
                    "texture": "#all"
                },
                "west": {
                    "uv": [6,5,7,6],
                    "texture": "#all"
                },
                "east": {
                    "texture": "#all"
                },
                "south": {
                    "texture": "#all"
                }
            }
        },
        {
            "from": [6,10,5],
            "to": [10,11,6],
            "faces": {
                "up": {
                    "uv": [6,10,10,11],
                    "texture": "#all"
                },
                "west": {
                    "texture": "#all"
                },
                "east": {
                    "texture": "#all"
                },
                "north": {
                    "uv": [8,5,12,6],
                    "texture": "#all"
                }
            }
        },
        {
            "from": [6,5,10],
            "to": [10,6,11],
            "faces": {
                "down": {
                    "texture": "#all"
                },
                "west": {
                    "texture": "#all"
                },
                "east": {
                    "texture": "#all"
                },
                "south": {
                    "uv": [6,10,11,11],
                    "texture": "#all"
                }
            }
        },
        {
            "from": [6,5,5],
            "to": [10,6,6],
            "faces": {
                "down": {
                    "uv": [8,5,12,6],
                    "texture": "#all"
                },
                "west": {
                    "texture": "#all"
                },
                "east": {
                    "texture": "#all"
                },
                "north": {
                    "texture": "#all"
                }
            }
        },
        {
            "from": [6,6,6],
            "to": [10,10,10],
            "faces": {
                "up": {
                    "uv": [7,10,10,7],
                    "texture": "#center"
                },
                "down": {
                    "uv": [8,8,10,10],
                    "texture": "#center"
                },
                "west": {
                    "uv": [10,7,7,10],
                    "texture": "#center"
                },
                "east": {
                    "uv": [8,8,10,10],
                    "texture": "#center"
                },
                "north": {
                    "uv": [8,8,10,10],
                    "texture": "#center"
                },
                "south": {
                    "uv": [7,7,10,10],
                    "texture": "#center"
                }
            }
        }
    ]
}