{
    "__createdwith": "opl's Model Creator",
    "ambientocclusion": false,
    "textures": {
        "all": "blocks/reeds",
        "inner": "blocks/reeds_inner"
    },
	"display": {
		"gui": {
			"scale": [1,1,1],
			"rotation": [0,135,90]
		}
	},
    "elements": [
        {
            "from": [7,0,5],
            "to": [9,16,7],
            "faces": {
                "up": {
                    "uv": [0,0,2,2],
                    "texture": "#inner"
                },
                "down": {
                    "uv": [0,0,2,2],
                    "texture": "#inner"
                },
                "west": {
                    "uv": [3,0,1,16],
                    "texture": "#all"
                },
                "east": {
                    "uv": [3,0,1,16],
                    "texture": "#all"
                },
                "north": {
                    "uv": [1,0,3,16],
                    "texture": "#all"
                },
                "south": {
                    "uv": [1,0,3,16],
                    "texture": "#all"
                }
            }
        },
        {
            "from": [6,0,6],
            "to": [8,18,8],
            "faces": {
                "up": {
                    "uv": [4,0,6,2],
                    "texture": "#inner"
                },
                "down": {
                    "uv": [4,0,6,2],
                    "texture": "#inner"
                },
                "west": {
                    "uv": [7,0,5,16],
                    "texture": "#all"
                },
                "east": {
                    "uv": [7,0,5,16],
                    "texture": "#all"
                },
                "north": {
                    "uv": [5,0,7,16],
                    "texture": "#all"
                },
                "south": {
                    "uv": [5,0,7,16],
                    "texture": "#all"
                }
            }
        },
        {
            "from": [9,0,7],
            "to": [11,16,9],
            "faces": {
                "up": {
                    "uv": [0,0,2,2],
                    "texture": "#inner"
                },
                "down": {
                    "uv": [0,0,2,2],
                    "texture": "#inner"
                },
                "west": {
                    "uv": [11,0,9,16],
                    "texture": "#all"
                },
                "east": {
                    "uv": [11,0,9,16],
                    "texture": "#all"
                },
                "north": {
                    "uv": [9,0,11,16],
                    "texture": "#all"
                },
                "south": {
                    "uv": [9,0,11,16],
                    "texture": "#all"
                }
            }
        },
        {
            "from": [6,0,8],
            "to": [8,17,10],
            "faces": {
                "up": {
                    "uv": [4,0,6,2],
                    "texture": "#inner"
                },
                "down": {
                    "uv": [2,0,4,2],
                    "texture": "#inner"
                },
                "west": {
                    "uv": [11,0,9,16],
                    "texture": "#all"
                },
                "east": {
                    "uv": [11,0,9,16],
                    "texture": "#all"
                },
                "north": {
                    "uv": [9,0,11,16],
                    "texture": "#all"
                },
                "south": {
                    "uv": [9,0,11,16],
                    "texture": "#all"
                }
            }
        },
        {
            "from": [8,-1,8],
            "to": [10,18,10],
            "faces": {
                "up": {
                    "uv": [4,0,6,2],
                    "texture": "#inner"
                },
                "down": {
                    "uv": [4,0,6,2],
                    "texture": "#inner"
                },
                "west": {
                    "uv": [11,0,9,16],
                    "texture": "#all"
                },
                "east": {
                    "uv": [11,0,9,16],
                    "texture": "#all"
                },
                "north": {
                    "uv": [9,0,11,16],
                    "texture": "#all"
                },
                "south": {
                    "uv": [9,0,11,16],
                    "texture": "#all"
                }
            }
        },
        {
            "from": [7,0,9],
            "to": [9,16,11],
            "faces": {
                "up": {
                    "uv": [0,0,2,2],
                    "texture": "#inner"
                },
                "down": {
                    "uv": [0,0,2,2],
                    "texture": "#inner"
                },
                "west": {
                    "uv": [15,0,13,16],
                    "texture": "#all"
                },
                "east": {
                    "uv": [15,0,13,16],
                    "texture": "#all"
                },
                "north": {
                    "uv": [13,0,15,16],
                    "texture": "#all"
                },
                "south": {
                    "uv": [13,0,15,16],
                    "texture": "#all"
                }
            }
        },
        {
            "from": [8,-2,6],
            "to": [10,17,8],
            "faces": {
                "up": {
                    "uv": [0,0,2,2],
                    "texture": "#inner"
                },
                "down": {
                    "uv": [0,0,2,2],
                    "texture": "#inner"
                },
                "west": {
                    "uv": [11,0,9,16],
                    "texture": "#all"
                },
                "east": {
                    "uv": [11,0,9,16],
                    "texture": "#all"
                },
                "north": {
                    "uv": [9,0,11,16],
                    "texture": "#all"
                },
                "south": {
                    "uv": [9,0,11,16],
                    "texture": "#all"
                }
            }
        },
        {
            "from": [5,-1,7],
            "to": [7,16,9],
            "faces": {
                "up": {
                    "uv": [0,0,2,2],
                    "texture": "#inner"
                },
                "down": {
                    "uv": [0,0,2,2],
                    "texture": "#inner"
                },
                "west": {
                    "uv": [3,0,1,16],
                    "texture": "#all"
                },
                "east": {
                    "uv": [3,0,1,16],
                    "texture": "#all"
                },
                "north": {
                    "uv": [9,0,11,16],
                    "texture": "#all"
                },
                "south": {
                    "uv": [1,0,3,16],
                    "texture": "#all"
                }
            }
        },
        {
            "from": [5,8,5],
            "to": [11,9,11],
            "faces": {
                "up": {
                    "uv": [4,0,6,2],
                    "texture": "#inner"
                },
                "down": {
                    "uv": [4,0,6,2],
                    "texture": "#inner"
                },
                "west": {
                    "uv": [8,10,9,12],
                    "texture": "#all"
                },
                "east": {
                    "uv": [8,10,9,12],
                    "texture": "#all"
                },
                "north": {
                    "uv": [8,10,9,12],
                    "texture": "#all"
                },
                "south": {
                    "uv": [8,10,9,12],
                    "texture": "#all"
                }
            }
        },
        {
            "from": [4,8,6],
            "to": [12,9,10],
            "faces": {
                "up": {
                    "uv": [4,0,6,2],
                    "texture": "#inner"
                },
                "down": {
                    "uv": [4,0,6,2],
                    "texture": "#inner"
                },
                "west": {
                    "uv": [8,10,9,12],
                    "texture": "#all"
                },
                "east": {
                    "uv": [8,10,9,12],
                    "texture": "#all"
                },
                "north": {
                    "uv": [8,10,9,12],
                    "texture": "#all"
                },
                "south": {
                    "uv": [8,10,9,12],
                    "texture": "#all"
                }
            }
        },
        {
            "from": [6,8,4],
            "to": [10,9,12],
            "faces": {
                "up": {
                    "uv": [4,0,6,2],
                    "texture": "#inner"
                },
                "down": {
                    "uv": [4,0,6,2],
                    "texture": "#inner"
                },
                "west": {
                    "uv": [8,10,9,12],
                    "texture": "#all"
                },
                "east": {
                    "uv": [8,10,9,12],
                    "texture": "#all"
                },
                "north": {
                    "uv": [8,10,9,12],
                    "texture": "#all"
                },
                "south": {
                    "uv": [8,10,9,12],
                    "texture": "#all"
                }
            }
        }
    ]
}