{	"parent": "block/block",
    "textures": {
        "side": "blocks/grass_path_side",
        "top": "blocks/grass_path_top",
        "bottom": "blocks/dirt",
        "particle": "blocks/dirt",
        "part": "blocks/grass_side"
    },
    "elements": [
        {   "from": [ 0, 0, 0 ],
            "to": [ 16, 15, 16 ],
            "faces": {
                "down":  { "uv": [ 0, 0, 16, 16 ], "texture": "#bottom", "cullface": "down" },
                "up":    { "uv": [ 0, 0, 16, 16 ], "texture": "#top" },
                "north": { "uv": [ 0, 1, 16, 16 ], "texture": "#side", "cullface": "north" },
                "south": { "uv": [ 0, 1, 16, 16 ], "texture": "#side", "cullface": "south" },
                "west":  { "uv": [ 0, 1, 16, 16 ], "texture": "#side", "cullface": "west" },
                "east":  { "uv": [ 0, 1, 16, 16 ], "texture": "#side", "cullface": "east" }
            }
        },
        {
            "from": [14,15,0],
            "to": [15,17,1],
            "faces": {
                "up": {
                    "uv": [14,0,16,2],
                    "texture": "#part"
                },
                "west": {
                    "uv": [14,0,16,1],
                     "texture": "#part"
                },
                "east": {
                    "uv": [14,0,16,1],
                    "texture": "#part"
                },
                "north": {
                    "uv": [14,0,16,1],
                    "texture": "#part"
                },
                "south": {
                    "uv": [14,0,16,1],
                    "texture": "#part"
                }
            }
        },
        {
            "from": [6,15,5],
            "to": [7,16,6],
            "faces": {
                "up": {
                    "uv": [14,0,16,2],
                    "texture": "#part"
                },
                "west": {
                    "uv": [14,0,16,1],
                    "texture": "#part"
                },
                "east": {
                    "uv": [14,0,16,1],
                    "texture": "#part"
                },
                "north": {
                    "uv": [14,0,16,1],
                    "texture": "#part"
                },
                "south": {
                    "uv": [14,0,16,1],
                    "texture": "#part"
                }
            }
        },
        {
            "from": [7,15,6],
            "to": [8,16,7],
            "faces": {
                "up": {
                    "uv": [14,0,16,2],
                    "texture": "#part"
                },
                "west": {
                    "uv": [14,0,16,1],
                    "texture": "#part"
                },
                "east": {
                    "uv": [14,0,16,1],
                    "texture": "#part"
                },
                "north": {
                    "uv": [14,0,16,1],
                    "texture": "#part"
                },
                "south": {
                    "uv": [14,0,16,1],
                    "texture": "#part"
                }
            }
        },
        {
            "from": [4,15,13],
            "to": [5,16,14],
            "faces": {
                "up": {
                    "uv": [14,0,16,2],
                    "texture": "#part"
                },
                "west": {
                    "uv": [14,0,16,1],
                    "texture": "#part"
                },
                "east": {
                    "uv": [14,0,16,1],
                    "texture": "#part"
                },
                "north": {
                    "uv": [14,0,16,1],
                    "texture": "#part"
                },
                "south": {
                    "uv": [14,0,16,1],
                    "texture": "#part"
                }
            }
        },
        {
            "from": [5,16,13],
            "to": [6,17,14],
            "faces": {
                "up": {
                    "uv": [14,0,16,2],
                    "texture": "#part"
                },
                "west": {
                    "uv": [14,0,16,1],
                    "texture": "#part"
                },
                "east": {
                    "uv": [14,0,16,1],
                   "texture": "#part"
                },
                "north": {
                    "uv": [14,0,16,1],
                     "texture": "#part"
                },
                "south": {
                    "uv": [14,0,16,1],
                    "texture": "#part"
                }
            }
        },
        {
            "from": [3,16,13],
            "to": [4,17,14],
            "faces": {
                "up": {
                    "uv": [14,0,16,2],
                    "texture": "#part"
                },
                "west": {
                    "uv": [14,0,16,1],
                    "texture": "#part"
                },
                "east": {
                    "uv": [14,0,16,1],
                    "texture": "#part"
                },
                "north": {
                    "uv": [14,0,16,1],
                    "texture": "#part"
                },
                "south": {
                    "uv": [14,0,16,1],
                    "texture": "#part"
                }
            }
        },
        {
            "from": [11,15,11],
            "to": [12,16,12],
            "faces": {
                "up": {
                    "uv": [14,0,16,2],
                    "texture": "#part"
                },
                "west": {
                    "uv": [14,0,16,1],
                    "texture": "#part"
                },
                "east": {
                    "uv": [14,0,16,1],
                    "texture": "#part"
                },
                "north": {
                    "uv": [14,0,16,1],
                    "texture": "#part"
                },
                "south": {
                    "uv": [14,0,16,1],
                    "texture": "#part"
                }
            }
        }
    ]
}