{
	"parent": "block/block",
    "__createdwith": "opl's Model Creator",
    "ambientocclusion": true,
    "textures": {
        "side": "blocks/log_jungle",
        "top": "blocks/log_jungle_top",
        "particle": "blocks/log_jungle",
        "moss": "blocks/jungle_mushroom"
    },
    "elements": [
        {
            "from": [0,0,0],
            "to": [16,16,16],
            "faces": {
                "up": {
                    "texture": "#top"
                },
                "down": {
                    "texture": "#top"
                },
                "west": {
                    "texture": "#side"
                },
                "east": {
                    "texture": "#side"
                },
                "north": {
                    "texture": "#side"
                },
                "south": {
                    "texture": "#moss"
                }
            }
        },
        {
            "from": [3,10,16],
            "to": [4,11,18],
            "faces": {
                "up": {
                    "uv": [2,11,3,12],
                    "texture": "#moss"
                },
                "down": {
                    "uv": [2,11,3,12],
                    "texture": "#moss"
                },
                "west": {
                    "uv": [2,11,3,12],
                    "texture": "#moss"
                },
                "east": {
                    "uv": [2,11,3,12],
                    "texture": "#moss"
                },
                "north": {
                    "texture": "#side"
                },
                "south": {
                    "uv": [2,11,3,12],
                    "texture": "#moss"
                }
            }
        },
        {
            "from": [8,9,16],
            "to": [9,10,19],
            "faces": {
                "up": {
                    "uv": [2,11,3,12],
                    "texture": "#moss"
                },
                "down": {
                    "uv": [2,11,3,12],
                    "texture": "#moss"
                },
                "west": {
                    "uv": [2,11,3,12],
                    "texture": "#moss"
                },
                "east": {
                    "uv": [2,11,3,12],
                    "texture": "#moss"
                },
                "north": {
                    "texture": "#side"
                },
                "south": {
                    "uv": [2,11,3,12],
                    "texture": "#moss"
                }
            }
        },
        {
            "from": [11,6,16],
            "to": [12,7,18],
            "faces": {
                "up": {
                    "uv": [2,11,3,12],
                    "texture": "#moss"
                },
                "down": {
                    "uv": [2,11,3,12],
                    "texture": "#moss"
                },
                "west": {
                    "uv": [2,11,3,12],
                    "texture": "#moss"
                },
                "east": {
                    "uv": [2,11,3,12],
                    "texture": "#moss"
                },
                "north": {
                    "texture": "#side"
                },
                "south": {
                    "uv": [2,11,3,12],
                    "texture": "#moss"
                }
            }
        },
        {
            "from": [8,1,16],
            "to": [9,2,17],
            "faces": {
                "up": {
                    "uv": [2,11,3,12],
                    "texture": "#moss"
                },
                "down": {
                    "uv": [2,11,3,12],
                    "texture": "#moss"
                },
                "west": {
                    "uv": [2,11,3,12],
                    "texture": "#moss"
                },
                "east": {
                    "uv": [2,11,3,12],
                    "texture": "#moss"
                },
                "north": {
                    "texture": "#side"
                },
                "south": {
                    "uv": [2,11,3,12],
                    "texture": "#moss"
                }
            }
        },
        {
            "from": [5,13,16],
            "to": [6,14,18],
            "faces": {
                "up": {
                    "uv": [2,11,3,12],
                    "texture": "#moss"
                },
                "down": {
                    "uv": [2,11,3,12],
                    "texture": "#moss"
                },
                "west": {
                    "uv": [2,11,3,12],
                    "texture": "#moss"
                },
                "east": {
                    "uv": [2,11,3,12],
                    "texture": "#moss"
                },
                "north": {
                    "texture": "#side"
                },
                "south": {
                    "uv": [2,11,3,12],
                    "texture": "#moss"
                }
            }
        },
        {
            "from": [2,3,16],
            "to": [3,4,18],
            "faces": {
                "up": {
                    "uv": [2,11,3,12],
                    "texture": "#moss"
                },
                "down": {
                    "uv": [2,11,3,12],
                    "texture": "#moss"
                },
                "west": {
                    "uv": [2,11,3,12],
                    "texture": "#moss"
                },
                "east": {
                    "uv": [2,11,3,12],
                    "texture": "#moss"
                },
                "north": {
                    "texture": "#side"
                },
                "south": {
                    "uv": [2,11,3,12],
                    "texture": "#moss"
                }
            }
        }
    ]
}