{
    "__createdwith": "opl's Model Creator",
    "ambientocclusion": false,
    "textures": {
        "all": "blocks/mushroom_red",
        "particle": "blocks/mushroom_red"
    },
    "elements": [
        {
            "from": [7,0,7],
            "to": [9,4,9],
            "faces": {
                "down": {
                    "uv": [7,14,8,15],
                    "texture": "#all"
                },
                "west": {
                    "uv": [7,14,9,16],
                    "texture": "#all"
                },
                "east": {
                    "uv": [7,14,9,16],
                    "texture": "#all"
                },
                "north": {
                    "uv": [7,14,9,16],
                    "texture": "#all"
                },
                "south": {
                    "uv": [7,14,9,16],
                    "texture": "#all"
                }
            }
        },
        {
            "from": [7,4,7],
            "to": [9,6,9],
            "faces": {
                "up": {
                    "uv": [6,10,7,11],
                    "texture": "#all"
                }
            }
        },
        {
            "from": [7,4,6],
            "to": [9,6,7],
            "faces": {
                "up": {
                    "uv": [7,10,9,11],
                    "texture": "#all"
                },
                "down": {
                    "uv": [7,10,9,11],
                    "texture": "#all"
                },
                "west": {
                    "texture": "#all"
                },
                "east": {
                    "texture": "#all"
                },
                "north": {
                    "texture": "#all"
                }
            }
        },
        {
            "from": [7,4,9],
            "to": [9,6,10],
            "faces": {
                "up": {
                    "uv": [7,10,9,11],
                    "texture": "#all"
                },
                "down": {
                    "uv": [6,10,8,11],
                    "texture": "#all"
                },
                "west": {
                    "texture": "#all"
                },
                "east": {
                    "texture": "#all"
                },
                "south": {
                    "texture": "#all"
                }
            }
        },
        {
            "from": [6,4,7],
            "to": [7,6,9],
            "faces": {
                "up": {
                    "uv": [6,10,7,12],
                    "texture": "#all"
                },
                "down": {
                    "uv": [6,10,7,12],
                    "texture": "#all"
                },
                "west": {
                    "texture": "#all"
                },
                "north": {
                    "texture": "#all"
                },
                "south": {
                    "texture": "#all"
                }
            }
        },
        {
            "from": [9,4,7],
            "to": [10,6,9],
            "faces": {
                "up": {
                    "uv": [6,10,7,12],
                    "texture": "#all"
                },
                "down": {
                    "uv": [6,10,7,12],
                    "texture": "#all"
                },
                "east": {
                    "texture": "#all"
                },
                "north": {
                    "texture": "#all"
                },
                "south": {
                    "texture": "#all"
                }
            }
        },
        {
            "from": [10,1,7],
            "to": [11,5,9],
            "faces": {
                "up": {
                    "uv": [7,11,8,13],
                    "texture": "#all"
                },
                "down": {
                    "uv": [10,12,11,14],
                    "texture": "#all"
                },
                "west": {
                    "uv": [6,10,8,11],
                    "texture": "#all"
                },
                "east": {
                    "texture": "#all"
                },
                "north": {
                    "texture": "#all"
                },
                "south": {
                    "texture": "#all"
                }
            }
        },
        {
            "from": [5,1,7],
            "to": [6,5,9],
            "faces": {
                "up": {
                    "uv": [6,10,7,12],
                    "texture": "#all"
                },
                "down": {
                    "uv": [10,12,11,14],
                    "texture": "#all"
                },
                "west": {
                    "texture": "#all"
                },
                "east": {
                    "uv": [6,10,8,11],
                    "texture": "#all"
                },
                "north": {
                    "texture": "#all"
                },
                "south": {
                    "texture": "#all"
                }
            }
        },
        {
            "from": [5,1,6],
            "to": [6,4,7],
            "faces": {
                "up": {
                    "uv": [6,10,7,11],
                    "texture": "#all"
                },
                "down": {
                    "uv": [6,13,7,14],
                    "texture": "#all"
                },
                "west": {
                    "texture": "#all"
                },
                "east": {
                    "uv": [6,10,7,12],
                    "texture": "#all"
                },
                "north": {
                    "texture": "#all"
                }
            }
        },
        {
            "from": [5,1,9],
            "to": [6,4,10],
            "faces": {
                "up": {
                    "uv": [5,11,6,12],
                    "texture": "#all"
                },
                "down": {
                    "uv": [6,13,7,14],
                    "texture": "#all"
                },
                "west": {
                    "texture": "#all"
                },
                "east": {
                    "uv": [6,10,7,12],
                    "texture": "#all"
                },
                "south": {
                    "texture": "#all"
                }
            }
        },
        {
            "from": [6,1,10],
            "to": [7,4,11],
            "faces": {
                "up": {
                    "uv": [6,12,7,13],
                    "texture": "#all"
                },
                "down": {
                    "uv": [6,13,7,14],
                    "texture": "#all"
                },
                "west": {
                    "texture": "#all"
                },
                "north": {
                    "uv": [6,10,7,12],
                    "texture": "#all"
                },
                "south": {
                    "texture": "#all"
                }
            }
        },
        {
            "from": [9,1,10],
            "to": [10,4,11],
            "faces": {
                "up": {
                    "texture": "#all"
                },
                "down": {
                    "uv": [6,13,7,14],
                    "texture": "#all"
                },
                "east": {
                    "texture": "#all"
                },
                "north": {
                    "uv": [6,10,7,12],
                    "texture": "#all"
                },
                "south": {
                    "texture": "#all"
                }
            }
        },
        {
            "from": [7,1,5],
            "to": [9,5,6],
            "faces": {
                "up": {
                    "uv": [7,10,9,11],
                    "texture": "#all"
                },
                "down": {
                    "uv": [7,13,9,14],
                    "texture": "#all"
                },
                "west": {
                    "texture": "#all"
                },
                "east": {
                    "texture": "#all"
                },
                "north": {
                    "texture": "#all"
                },
                "south": {
                    "uv": [5,11,7,12],
                    "texture": "#all"
                }
            }
        },
        {
            "from": [7,1,10],
            "to": [9,5,11],
            "faces": {
                "up": {
                    "uv": [7,11,9,12],
                    "texture": "#all"
                },
                "down": {
                    "uv": [7,13,9,14],
                    "texture": "#all"
                },
                "west": {
                    "texture": "#all"
                },
                "east": {
                    "texture": "#all"
                },
                "north": {
                    "uv": [6,10,8,11],
                    "texture": "#all"
                },
                "south": {
                    "texture": "#all"
                }
            }
        },
        {
            "from": [10,1,9],
            "to": [11,4,10],
            "faces": {
                "up": {
                    "uv": [9,11,10,12],
                    "texture": "#all"
                },
                "down": {
                    "uv": [10,13,11,14],
                    "texture": "#all"
                },
                "west": {
                    "uv": [6,10,7,12],
                    "texture": "#all"
                },
                "east": {
                    "texture": "#all"
                },
                "south": {
                    "texture": "#all"
                }
            }
        },
        {
            "from": [10,1,6],
            "to": [11,4,7],
            "faces": {
                "up": {
                    "uv": [7,10,8,11],
                    "texture": "#all"
                },
                "down": {
                    "uv": [10,13,11,14],
                    "texture": "#all"
                },
                "west": {
                    "uv": [6,10,7,12],
                    "texture": "#all"
                },
                "east": {
                    "texture": "#all"
                },
                "north": {
                    "texture": "#all"
                }
            }
        },
        {
            "from": [9,1,5],
            "to": [10,4,6],
            "faces": {
                "up": {
                    "uv": [7,10,8,11],
                    "texture": "#all"
                },
                "down": {
                    "uv": [9,13,10,14],
                    "texture": "#all"
                },
                "east": {
                    "texture": "#all"
                },
                "north": {
                    "texture": "#all"
                },
                "south": {
                    "uv": [6,10,7,12],
                    "texture": "#all"
                }
            }
        },
        {
            "from": [6,1,5],
            "to": [7,4,6],
            "faces": {
                "up": {
                    "uv": [6,10,7,11],
                    "texture": "#all"
                },
                "down": {
                    "uv": [6,13,7,14],
                    "texture": "#all"
                },
                "west": {
                    "texture": "#all"
                },
                "north": {
                    "texture": "#all"
                },
                "south": {
                    "uv": [6,10,7,12],
                    "texture": "#all"
                }
            }
        },
        {
            "from": [6,4,6],
            "to": [7,5,7],
            "faces": {
                "up": {
                    "uv": [6,10,7,11],
                    "texture": "#all"
                },
                "down": {
                    "uv": [6,10,7,11],
                    "texture": "#all"
                },
                "west": {
                    "texture": "#all"
                },
                "north": {
                    "texture": "#all"
                }
            }
        },
        {
            "from": [9,4,6],
            "to": [10,5,7],
            "faces": {
                "up": {
                    "uv": [8,10,9,11],
                    "texture": "#all"
                },
                "down": {
                    "uv": [8,10,9,11],
                    "texture": "#all"
                },
                "east": {
                    "texture": "#all"
                },
                "north": {
                    "texture": "#all"
                }
            }
        },
        {
            "from": [9,4,9],
            "to": [10,5,10],
            "faces": {
                "up": {
                    "uv": [9,11,10,12],
                    "texture": "#all"
                },
                "down": {
                    "uv": [8,10,9,11],
                    "texture": "#all"
                },
                "east": {
                    "texture": "#all"
                },
                "south": {
                    "texture": "#all"
                }
            }
        },
        {
            "from": [6,4,9],
            "to": [7,5,10],
            "faces": {
                "up": {
                    "uv": [5,11,6,12],
                    "texture": "#all"
                },
                "down": {
                    "uv": [6,10,7,11],
                    "texture": "#all"
                },
                "west": {
                    "texture": "#all"
                },
                "south": {
                    "texture": "#all"
                }
            }
        },
        {
            "from": [7,2,4],
            "to": [9,4,5],
            "faces": {
                "up": {
                    "uv": [7,10,9,11],
                    "texture": "#all"
                },
                "down": {
                    "uv": [7,13,9,14],
                    "texture": "#all"
                },
                "west": {
                    "texture": "#all"
                },
                "east": {
                    "texture": "#all"
                },
                "north": {
                    "texture": "#all"
                },
                "south": {
                    "uv": [5,11,7,12],
                    "texture": "#all"
                }
            }
        },
        {
            "from": [4,2,7],
            "to": [5,4,9],
            "faces": {
                "up": {
                    "uv": [6,10,7,12],
                    "texture": "#all"
                },
                "down": {
                    "uv": [10,12,11,14],
                    "texture": "#all"
                },
                "west": {
                    "texture": "#all"
                },
                "east": {
                    "uv": [6,10,8,11],
                    "texture": "#all"
                },
                "north": {
                    "texture": "#all"
                },
                "south": {
                    "texture": "#all"
                }
            }
        },
        {
            "from": [11,2,7],
            "to": [12,4,9],
            "faces": {
                "up": {
                    "uv": [7,11,8,13],
                    "texture": "#all"
                },
                "down": {
                    "uv": [10,12,11,14],
                    "texture": "#all"
                },
                "west": {
                    "uv": [6,10,8,11],
                    "texture": "#all"
                },
                "east": {
                    "texture": "#all"
                },
                "north": {
                    "texture": "#all"
                },
                "south": {
                    "texture": "#all"
                }
            }
        },
        {
            "from": [7,2,11],
            "to": [9,4,12],
            "faces": {
                "up": {
                    "uv": [7,11,9,12],
                    "texture": "#all"
                },
                "down": {
                    "uv": [7,13,9,14],
                    "texture": "#all"
                },
                "west": {
                    "texture": "#all"
                },
                "east": {
                    "texture": "#all"
                },
                "north": {
                    "uv": [6,10,8,11],
                    "texture": "#all"
                },
                "south": {
                    "texture": "#all"
                }
            }
        }
    ]
}