{
    "__createdwith": "opl's Model Creator",
    "ambientocclusion": false,
    "textures": {
        "branch": "blocks/oak_leaves_branch"
    },
    "elements": [
        {
            "from": [0,14,0],
            "to": [2,16,2],
            "faces": {
                "up": {
                    "uv": [13,5,15,7],
                    "texture": "#branch"
                },
                "down": {
                    "texture": "#branch"
                },
                "west": {
                    "texture": "#branch"
                },
                "east": {
                    "texture": "#branch"
                },
                "north": {
                    "texture": "#branch"
                },
                "south": {
                    "texture": "#branch"
                }
            }
        },
        {
            "from": [14,14,14],
            "to": [16,16,16],
            "faces": {
                "up": {
                    "uv": [13,3,15,5],
                    "texture": "#branch"
                },
                "down": {
                    "uv": [5,8,7,10],
                    "texture": "#branch"
                },
                "west": {
                    "uv": [5,7,7,9],
                    "texture": "#branch"
                },
                "east": {
                    "uv": [6,7,8,9],
                    "texture": "#branch"
                },
                "north": {
                    "uv": [5,7,7,9],
                    "texture": "#branch"
                },
                "south": {
                    "uv": [3,6,5,8],
                    "texture": "#branch"
                }
            }
        },
        {
            "from": [14,14,0],
            "to": [16,16,2],
            "faces": {
                "up": {
                    "uv": [6,3,8,5],
                    "texture": "#branch"
                },
                "down": {
                    "uv": [2,7,4,9],
                    "texture": "#branch"
                },
                "west": {
                    "texture": "#branch"
                },
                "east": {
                    "texture": "#branch"
                },
                "north": {
                    "uv": [13,5,15,7],
                    "texture": "#branch"
                },
                "south": {
                    "uv": [3,7,5,9],
                    "texture": "#branch"
                }
            }
        },
        {
            "from": [0,14,14],
            "to": [2,16,16],
            "faces": {
                "up": {
                    "uv": [10,5,12,7],
                    "texture": "#branch"
                },
                "down": {
                    "uv": [0,2,2,4],
                    "texture": "#branch"
                },
                "west": {
                    "uv": [3,0,5,2],
                    "texture": "#branch"
                },
                "east": {
                    "uv": [0,2,2,4],
                    "texture": "#branch"
                },
                "north": {
                    "texture": "#branch"
                },
                "south": {
                    "texture": "#branch"
                }
            }
        },
        {
            "from": [0,0,12],
            "to": [2,2,16],
            "faces": {
                "up": {
                    "texture": "#branch"
                },
                "down": {
                    "texture": "#branch"
                },
                "west": {
                    "uv": [6,7,8,11],
                    "texture": "#branch",
                    "rotation": 90
                },
                "east": {
                    "uv": [5,7,7,11],
                    "texture": "#branch",
                    "rotation": 90
                },
                "north": {
                    "texture": "#branch"
                },
                "south": {
                    "uv": [10,2,12,4],
                    "texture": "#branch"
                }
            }
        },
        {
            "from": [14,0,0],
            "to": [16,2,2],
            "faces": {
                "up": {
                    "uv": [6,8,8,10],
                    "texture": "#branch"
                },
                "down": {
                    "uv": [5,7,7,9],
                    "texture": "#branch"
                },
                "west": {
                    "uv": [6,8,8,10],
                    "texture": "#branch"
                },
                "east": {
                    "texture": "#branch"
                },
                "north": {
                    "uv": [10,2,12,4],
                    "texture": "#branch"
                },
                "south": {
                    "uv": [5,14,7,16],
                    "texture": "#branch"
                }
            }
        },
        {
            "from": [14,0,14],
            "to": [16,2,16],
            "faces": {
                "up": {
                    "uv": [4,9,6,11],
                    "texture": "#branch"
                },
                "down": {
                    "uv": [4,5,6,7],
                    "texture": "#branch"
                },
                "west": {
                    "uv": [3,9,5,11],
                    "texture": "#branch"
                },
                "east": {
                    "uv": [3,11,5,13],
                    "texture": "#branch"
                },
                "north": {
                    "uv": [4,9,6,11],
                    "texture": "#branch"
                },
                "south": {
                    "uv": [11,2,13,4],
                    "texture": "#branch"
                }
            }
        },
        {
            "from": [0,0,0],
            "to": [2,2,2],
            "faces": {
                "up": {
                    "texture": "#branch"
                },
                "down": {
                    "texture": "#branch"
                },
                "west": {
                    "texture": "#branch"
                },
                "east": {
                    "texture": "#branch"
                },
                "north": {
                    "uv": [12,4,14,6],
                    "texture": "#branch"
                },
                "south": {
                    "texture": "#branch"
                }
            }
        },
        {
            "from": [1,2,8],
            "to": [3,4,13],
            "faces": {
                "up": {
                    "texture": "#branch"
                },
                "down": {
                    "texture": "#branch"
                },
                "west": {
                    "uv": [3,0,5,4],
                    "texture": "#branch",
                    "rotation": 90
                },
                "east": {
                    "uv": [6,0,8,4],
                    "texture": "#branch",
                    "rotation": 90
                },
                "north": {
                    "texture": "#branch"
                },
                "south": {
                    "texture": "#branch"
                }
            }
        },
        {
            "from": [2,4,10],
            "to": [4,8,12],
            "faces": {
                "up": {
                    "texture": "#branch"
                },
                "down": {
                    "texture": "#branch"
                },
                "west": {
                    "uv": [6,11,8,15],
                    "texture": "#branch"
                },
                "east": {
                    "uv": [6,6,8,10],
                    "texture": "#branch"
                },
                "north": {
                    "texture": "#branch"
                },
                "south": {
                    "texture": "#branch"
                }
            }
        },
        {
            "from": [3,7,11],
            "to": [5,12,13],
            "faces": {
                "up": {
                    "uv": [6,8,8,10],
                    "texture": "#branch"
                },
                "down": {
                    "texture": "#branch"
                },
                "west": {
                    "uv": [1,10,3,15],
                    "texture": "#branch"
                },
                "east": {
                    "uv": [4,7,6,12],
                    "texture": "#branch"
                },
                "north": {
                    "uv": [1,8,3,13],
                    "texture": "#branch"
                },
                "south": {
                    "uv": [5,11,7,16],
                    "texture": "#branch"
                }
            }
        },
        {
            "from": [1,10,12],
            "to": [3,14,14],
            "faces": {
                "up": {
                    "uv": [6,8,8,10],
                    "texture": "#branch"
                },
                "down": {
                    "texture": "#branch"
                },
                "west": {
                    "uv": [6,0,8,4],
                    "texture": "#branch"
                },
                "east": {
                    "uv": [5,8,7,12],
                    "texture": "#branch"
                },
                "north": {
                    "texture": "#branch"
                },
                "south": {
                    "texture": "#branch"
                }
            }
        },
        {
            "from": [1,0,2],
            "to": [3,2,6],
            "faces": {
                "up": {
                    "texture": "#branch"
                },
                "down": {
                    "texture": "#branch"
                },
                "west": {
                    "uv": [2,9,4,13],
                    "texture": "#branch",
                    "rotation": 90
                },
                "east": {
                    "uv": [3,3,5,7],
                    "texture": "#branch",
                    "rotation": 90
                },
                "north": {
                    "texture": "#branch"
                },
                "south": {
                    "texture": "#branch"
                }
            }
        },
        {
            "from": [2,1,4],
            "to": [4,3,8],
            "faces": {
                "up": {
                    "texture": "#branch"
                },
                "down": {
                    "uv": [1,7,3,11],
                    "texture": "#branch"
                },
                "west": {
                    "uv": [5,7,7,11],
                    "texture": "#branch",
                    "rotation": 90
                },
                "east": {
                    "uv": [6,8,8,12],
                    "texture": "#branch",
                    "rotation": 90
                },
                "north": {
                    "texture": "#branch"
                },
                "south": {
                    "texture": "#branch"
                }
            }
        },
        {
            "from": [4,7,9],
            "to": [8,9,11],
            "faces": {
                "up": {
                    "uv": [5,9,7,13],
                    "texture": "#branch",
                    "rotation": 90
                },
                "down": {
                    "uv": [4,9,6,13],
                    "texture": "#branch",
                    "rotation": 90
                },
                "west": {
                    "uv": [5,8,7,10],
                    "texture": "#branch"
                },
                "east": {
                    "uv": [5,7,7,9],
                    "texture": "#branch"
                },
                "north": {
                    "uv": [6,9,8,13],
                    "texture": "#branch",
                    "rotation": 90
                },
                "south": {
                    "uv": [5,8,7,12],
                    "texture": "#branch",
                    "rotation": 90
                }
            }
        },
        {
            "from": [7,8,8],
            "to": [9,11,10],
            "faces": {
                "up": {
                    "uv": [5,3,7,5],
                    "texture": "#branch"
                },
                "down": {
                    "uv": [1,8,3,10],
                    "texture": "#branch"
                },
                "west": {
                    "uv": [5,5,7,8],
                    "texture": "#branch"
                },
                "east": {
                    "uv": [6,12,8,15],
                    "texture": "#branch"
                },
                "north": {
                    "uv": [6,12,8,15],
                    "texture": "#branch"
                },
                "south": {
                    "uv": [5,7,7,10],
                    "texture": "#branch"
                }
            }
        },
        {
            "from": [9,10,6],
            "to": [11,12,11],
            "faces": {
                "up": {
                    "uv": [6,7,8,12],
                    "texture": "#branch"
                },
                "down": {
                    "uv": [4,9,6,14],
                    "texture": "#branch"
                },
                "west": {
                    "uv": [6,9,8,13],
                    "texture": "#branch",
                    "rotation": 90
                },
                "east": {
                    "uv": [3,4,8,6],
                    "texture": "#branch"
                },
                "north": {
                    "uv": [3,1,5,3],
                    "texture": "#branch"
                },
                "south": {
                    "uv": [0,2,2,4],
                    "texture": "#branch"
                }
            }
        },
        {
            "from": [10,12,4],
            "to": [13,14,6],
            "faces": {
                "up": {
                    "uv": [6,6,8,9],
                    "texture": "#branch",
                    "rotation": 90
                },
                "down": {
                    "uv": [3,10,6,12],
                    "texture": "#branch"
                },
                "west": {
                    "uv": [3,0,5,2],
                    "texture": "#branch"
                },
                "east": {
                    "texture": "#branch"
                },
                "north": {
                    "uv": [6,7,8,11],
                    "texture": "#branch",
                    "rotation": 90
                },
                "south": {
                    "uv": [6,7,8,10],
                    "texture": "#branch"
                }
            }
        },
        {
            "from": [13,12,2],
            "to": [15,14,4],
            "faces": {
                "up": {
                    "uv": [5,5,7,7],
                    "texture": "#branch"
                },
                "down": {
                    "uv": [2,5,4,7],
                    "texture": "#branch"
                },
                "west": {
                    "uv": [3,1,5,3],
                    "texture": "#branch"
                },
                "east": {
                    "texture": "#branch"
                },
                "north": {
                    "uv": [0,3,2,5],
                    "texture": "#branch"
                },
                "south": {
                    "uv": [4,5,6,7],
                    "texture": "#branch"
                }
            }
        },
        {
            "from": [10,11,10],
            "to": [12,13,12],
            "faces": {
                "up": {
                    "uv": [0,2,2,4],
                    "texture": "#branch"
                },
                "down": {
                    "uv": [6,9,8,11],
                    "texture": "#branch"
                },
                "west": {
                    "uv": [6,7,8,9],
                    "texture": "#branch"
                },
                "east": {
                    "uv": [6,7,8,9],
                    "texture": "#branch"
                },
                "north": {
                    "uv": [6,6,8,8],
                    "texture": "#branch"
                },
                "south": {
                    "uv": [5,7,7,9],
                    "texture": "#branch"
                }
            }
        },
        {
            "from": [11,13,12],
            "to": [15,15,14],
            "faces": {
                "up": {
                    "uv": [6,9,8,13],
                    "texture": "#branch",
                    "rotation": 90
                },
                "down": {
                    "uv": [6,9,8,13],
                    "texture": "#branch",
                    "rotation": 90
                },
                "west": {
                    "uv": [5,7,7,9],
                    "texture": "#branch"
                },
                "east": {
                    "uv": [5,7,7,9],
                    "texture": "#branch"
                },
                "north": {
                    "uv": [3,4,7,6],
                    "texture": "#branch"
                },
                "south": {
                    "uv": [3,4,7,6],
                    "texture": "#branch"
                }
            }
        },
        {
            "from": [1,3,7],
            "to": [3,6,9],
            "faces": {
                "up": {
                    "texture": "#branch"
                },
                "down": {
                    "texture": "#branch"
                },
                "west": {
                    "uv": [5,7,7,10],
                    "texture": "#branch"
                },
                "east": {
                    "uv": [6,8,8,11],
                    "texture": "#branch"
                },
                "north": {
                    "texture": "#branch"
                },
                "south": {
                    "texture": "#branch"
                }
            }
        },
        {
            "from": [0,5,5],
            "to": [2,9,7],
            "faces": {
                "up": {
                    "texture": "#branch"
                },
                "down": {
                    "texture": "#branch"
                },
                "west": {
                    "texture": "#branch"
                },
                "east": {
                    "uv": [6,7,8,11],
                    "texture": "#branch"
                },
                "north": {
                    "texture": "#branch"
                },
                "south": {
                    "texture": "#branch"
                }
            }
        },
        {
            "from": [0,8,4],
            "to": [2,12,6],
            "faces": {
                "up": {
                    "texture": "#branch"
                },
                "west": {
                    "uv": [5,6,7,10],
                    "texture": "#branch"
                },
                "east": {
                    "texture": "#branch"
                },
                "north": {
                    "texture": "#branch"
                },
                "south": {
                    "texture": "#branch"
                }
            }
        },
        {
            "from": [0,12,2],
            "to": [2,14,5],
            "faces": {
                "up": {
                    "texture": "#branch"
                },
                "down": {
                    "texture": "#branch"
                },
                "west": {
                    "uv": [3,0,5,3],
                    "texture": "#branch",
                    "rotation": 90
                },
                "east": {
                    "uv": [5,7,7,10],
                    "texture": "#branch",
                    "rotation": 90
                },
                "north": {
                    "texture": "#branch"
                },
                "south": {
                    "texture": "#branch"
                }
            }
        },
        {
            "from": [7,6,5],
            "to": [9,8,9],
            "faces": {
                "up": {
                    "uv": [6,6,8,10],
                    "texture": "#branch"
                },
                "down": {
                    "uv": [5,7,7,11],
                    "texture": "#branch"
                },
                "west": {
                    "uv": [5,7,7,11],
                    "texture": "#branch",
                    "rotation": 90
                },
                "east": {
                    "uv": [6,8,8,12],
                    "texture": "#branch",
                    "rotation": 90
                },
                "north": {
                    "uv": [5,8,7,10],
                    "texture": "#branch"
                },
                "south": {
                    "uv": [6,8,8,10],
                    "texture": "#branch"
                }
            }
        },
        {
            "from": [8,4,4],
            "to": [10,7,6],
            "faces": {
                "up": {
                    "uv": [2,6,4,8],
                    "texture": "#branch"
                },
                "down": {
                    "uv": [6,8,8,10],
                    "texture": "#branch"
                },
                "west": {
                    "uv": [6,9,8,12],
                    "texture": "#branch"
                },
                "east": {
                    "texture": "#branch"
                },
                "north": {
                    "uv": [5,9,7,12],
                    "texture": "#branch"
                },
                "south": {
                    "uv": [5,9,7,12],
                    "texture": "#branch"
                }
            }
        },
        {
            "from": [10,2,2],
            "to": [15,4,4],
            "faces": {
                "up": {
                    "uv": [5,8,7,12],
                    "texture": "#branch",
                    "rotation": 90
                },
                "down": {
                    "uv": [5,9,7,13],
                    "texture": "#branch",
                    "rotation": 90
                },
                "west": {
                    "uv": [3,1,5,3],
                    "texture": "#branch"
                },
                "east": {
                    "texture": "#branch"
                },
                "north": {
                    "uv": [5,7,7,11],
                    "texture": "#branch",
                    "rotation": 90
                },
                "south": {
                    "uv": [6,7,8,11],
                    "texture": "#branch",
                    "rotation": 90
                }
            }
        },
        {
            "from": [9,2,12],
            "to": [14,4,14],
            "faces": {
                "up": {
                    "uv": [5,9,7,14],
                    "texture": "#branch",
                    "rotation": 90
                },
                "down": {
                    "uv": [5,9,7,14],
                    "texture": "#branch",
                    "rotation": 90
                },
                "west": {
                    "uv": [6,8,8,10],
                    "texture": "#branch"
                },
                "east": {
                    "uv": [5,8,7,10],
                    "texture": "#branch"
                },
                "north": {
                    "uv": [5,8,7,13],
                    "texture": "#branch",
                    "rotation": 90
                },
                "south": {
                    "uv": [6,9,8,14],
                    "texture": "#branch",
                    "rotation": 90
                }
            }
        },
        {
            "from": [8,4,11],
            "to": [10,8,13],
            "faces": {
                "up": {
                    "uv": [5,7,7,9],
                    "texture": "#branch"
                },
                "down": {
                    "uv": [5,8,7,10],
                    "texture": "#branch"
                },
                "west": {
                    "uv": [5,8,7,12],
                    "texture": "#branch"
                },
                "east": {
                    "uv": [5,8,7,12],
                    "texture": "#branch"
                },
                "north": {
                    "uv": [6,8,8,12],
                    "texture": "#branch"
                },
                "south": {
                    "uv": [5,8,7,12],
                    "texture": "#branch"
                }
            }
        }
    ]
}