{
    "parent": "item/handheld",
    "textures": {
        "layer0": "items/diamond_hoe"
    },
    "overrides": [
        {
            "predicate": {
                "damage": 0
            },
            "model": "item/iron_head"
        },
		{
            "predicate": {
                "damage": 0.001
            },
            "model": "item/wand1"
        },
		{
            "predicate": {
                "damage": 0.002
            },
            "model": "item/crockpot"
        },
		{
            "predicate": {
                "damage": 0.003
            },
            "model": "item/xiaohuixiang"
        },
		{
            "predicate": {
                "damage": 0.004
            },
            "model": "item/huajiao"
        },
		{
            "predicate": {
                "damage": 0.005
            },
            "model": "item/bajiao"
        },
		{
            "predicate": {
                "damage": 0.006
            },
            "model": "item/rougui"
        },
		{
            "predicate": {
                "damage": 0.007
            },
            "model": "item/dingxiang"
        },
		{
            "predicate": {
                "damage": 0.008
            },
            "model": "item/wuxiangfen"
        },
		{
            "predicate": {
                "damage": 0.009
            },
            "model": "item/hutuozi"
        },
		{
            "predicate": {
                "damage": 0.01
            },
            "model": "item/jiezimo"
        },
		{
            "predicate": {
                "damage": 0.011
            },
            "model": "item/huangjiangfen"
        },
		{
            "predicate": {
                "damage": 0.012
            },
            "model": "item/lajiao"
        },
		{
            "predicate": {
                "damage": 0.013
            },
            "model": "item/galifen"
        },
		{
            "predicate": {
                "damage": 0.014
            },
            "model": "item/bantiaoxiang"
        },
		{
            "predicate": {
                "damage": 0.015
            },
            "model": "item/jdbantiaoxiang"
        },
		{
            "predicate": {
                "damage": 0.016
            },
            "model": "item/lajixiang"
        },
		{
            "predicate": {
                "damage": 0.017
            },
            "model": "item/ironchest"
        },
		{
            "predicate": {
                "damage": 0.018
            },
            "model": "item/dujintiexiang"
        },
		{
            "predicate": {
                "damage": 0.019
            },
            "model": "item/goldchest"
        },
		{
            "predicate": {
                "damage": 0.02
            },
            "model": "item/zhubaoxiangzi"
        },
		{
            "predicate": {
                "damage": 0.021
            },
            "model": "item/diamondchest"
        },
		{
            "predicate": {
                "damage": 0.022
            },
            "model": "item/grimoire"
        },
		{
            "predicate": {
                "damage": 0.023
            },
            "model": "item/grimoire_open"
        },
		{
            "predicate": {
                "damage": 0.024
            },
            "model": "item/fishing_rod_cast"
        }
    ]
}