{
    "__createdwith": "opl's Model Creator",
    "ambientocclusion": false,
    "textures": {
        "all": "blocks/egg",
        "particle": "blocks/egg"
    },
	"display": {
		"gui": {
			"scale": [2,2,2],
			"rotation": [15,15,0]
		}
	},
    "elements": [
        {
            "from": [6,7,7],
            "to": [6.5,9,9],
            "faces": {
                "up": {
                    "texture": "#all"
                },
                "down": {
                    "texture": "#all"
                },
                "west": {
                    "texture": "#all"
                },
                "north": {
                    "texture": "#all"
                },
                "south": {
                    "texture": "#all"
                }
            }
        },
        {
            "from": [9.5,7,7],
            "to": [10,9,9],
            "faces": {
                "up": {
                    "texture": "#all"
                },
                "down": {
                    "texture": "#all"
                },
                "east": {
                    "texture": "#all"
                },
                "north": {
                    "texture": "#all"
                },
                "south": {
                    "texture": "#all"
                }
            }
        },
        {
            "from": [7,6,7],
            "to": [9,6.5,9],
            "faces": {
                "down": {
                    "texture": "#all"
                },
                "west": {
                    "texture": "#all"
                },
                "east": {
                    "texture": "#all"
                },
                "north": {
                    "texture": "#all"
                },
                "south": {
                    "texture": "#all"
                }
            }
        },
        {
            "from": [7,10,7],
            "to": [9,10.5,9],
            "faces": {
                "up": {
                    "texture": "#all"
                },
                "west": {
                    "texture": "#all"
                },
                "east": {
                    "texture": "#all"
                },
                "north": {
                    "texture": "#all"
                },
                "south": {
                    "texture": "#all"
                }
            }
        },
        {
            "from": [6.5,9,7],
            "to": [7,10,9],
            "faces": {
                "up": {
                    "texture": "#all"
                },
                "west": {
                    "texture": "#all"
                },
                "north": {
                    "texture": "#all"
                },
                "south": {
                    "texture": "#all"
                }
            }
        },
        {
            "from": [9,9,7],
            "to": [9.5,10,9],
            "faces": {
                "up": {
                    "texture": "#all"
                },
                "east": {
                    "texture": "#all"
                },
                "north": {
                    "texture": "#all"
                },
                "south": {
                    "texture": "#all"
                }
            }
        },
        {
            "from": [6.5,6.5,7],
            "to": [7,7,9],
            "faces": {
                "down": {
                    "texture": "#all"
                },
                "west": {
                    "texture": "#all"
                },
                "north": {
                    "texture": "#all"
                },
                "south": {
                    "texture": "#all"
                }
            }
        },
        {
            "from": [9,6.5,7],
            "to": [9.5,7,9],
            "faces": {
                "down": {
                    "texture": "#all"
                },
                "east": {
                    "texture": "#all"
                },
                "north": {
                    "texture": "#all"
                },
                "south": {
                    "texture": "#all"
                }
            }
        },
        {
            "from": [7,7,6],
            "to": [9,9,6.5],
            "faces": {
                "up": {
                    "texture": "#all"
                },
                "down": {
                    "texture": "#all"
                },
                "west": {
                    "texture": "#all"
                },
                "east": {
                    "texture": "#all"
                },
                "north": {
                    "texture": "#all"
                }
            }
        },
        {
            "from": [7,7,9.5],
            "to": [9,9,10],
            "faces": {
                "up": {
                    "texture": "#all"
                },
                "down": {
                    "texture": "#all"
                },
                "west": {
                    "texture": "#all"
                },
                "east": {
                    "texture": "#all"
                },
                "south": {
                    "texture": "#all"
                }
            }
        },
        {
            "from": [6.5,7,6.5],
            "to": [7,9,7],
            "faces": {
                "up": {
                    "texture": "#all"
                },
                "down": {
                    "texture": "#all"
                },
                "west": {
                    "texture": "#all"
                },
                "north": {
                    "texture": "#all"
                }
            }
        },
        {
            "from": [6.5,7,9],
            "to": [7,9,9.5],
            "faces": {
                "up": {
                    "texture": "#all"
                },
                "down": {
                    "texture": "#all"
                },
                "west": {
                    "texture": "#all"
                },
                "south": {
                    "texture": "#all"
                }
            }
        },
        {
            "from": [9,7,9],
            "to": [9.5,9,9.5],
            "faces": {
                "up": {
                    "texture": "#all"
                },
                "down": {
                    "texture": "#all"
                },
                "east": {
                    "texture": "#all"
                },
                "south": {
                    "texture": "#all"
                }
            }
        },
        {
            "from": [9,7,6.5],
            "to": [9.5,9,7],
            "faces": {
                "up": {
                    "texture": "#all"
                },
                "down": {
                    "texture": "#all"
                },
                "east": {
                    "texture": "#all"
                },
                "north": {
                    "texture": "#all"
                }
            }
        },
        {
            "from": [7,9,9],
            "to": [9,10,9.5],
            "faces": {
                "up": {
                    "texture": "#all"
                },
                "west": {
                    "texture": "#all"
                },
                "east": {
                    "texture": "#all"
                },
                "south": {
                    "texture": "#all"
                }
            }
        },
        {
            "from": [7,9,6.5],
            "to": [9,10,7],
            "faces": {
                "up": {
                    "texture": "#all"
                },
                "west": {
                    "texture": "#all"
                },
                "east": {
                    "texture": "#all"
                },
                "north": {
                    "texture": "#all"
                }
            }
        },
        {
            "from": [7,6.5,9],
            "to": [9,7,9.5],
            "faces": {
                "down": {
                    "texture": "#all"
                },
                "west": {
                    "texture": "#all"
                },
                "east": {
                    "texture": "#all"
                },
                "south": {
                    "texture": "#all"
                }
            }
        },
        {
            "from": [7,6.5,6.5],
            "to": [9,7,7],
            "faces": {
                "down": {
                    "texture": "#all"
                },
                "west": {
                    "texture": "#all"
                },
                "east": {
                    "texture": "#all"
                },
                "north": {
                    "texture": "#all"
                }
            }
        },
        {
            "from": [7.5,10.5,7.5],
            "to": [8.5,11,8.5],
            "faces": {
                "up": {
                    "texture": "#all"
                },
                "west": {
                    "texture": "#all"
                },
                "east": {
                    "texture": "#all"
                },
                "north": {
                    "texture": "#all"
                },
                "south": {
                    "texture": "#all"
                }
            }
        }
    ]
}