{
    "__createdwith": "opl's Model Creator",
    "ambientocclusion": false,
    "textures": {
        "all": "items/grimoire"
    },
    "display": {
		"gui": {
			"scale": [0.5,0.5,0.5],
			"rotation":[45,45,0]
		},
		"firstperson_righthand": {
			"translation":[0,5,0],
			"scale": [0.5,0.5,0.5],
			"rotation":[45,0,0]
		},
		"thirdperson_righthand": {
			"translation":[0,5,0],
			"scale": [0.5,0.5,0.5],
			"rotation":[90,0,0]
		}
	},
    "elements": [
        {
            "from": [10,6,-2],
            "to": [24,7,18],
            "faces": {
                "up": {
                    "uv": [1.5,0,1.75,0.25],
                    "texture": "#all"
                },
                "down": {
                    "uv": [0,0,3.5,5],
                    "texture": "#all",
                    "rotation": 180
                },
                "west": {
                    "uv": [8.75,0,9,5],
                    "texture": "#all",
                    "rotation": 270
                },
                "east": {
                    "uv": [8.75,0,9,5],
                    "texture": "#all",
                    "rotation": 90
                },
                "north": {
                    "uv": [8.75,0,9,5],
                    "texture": "#all",
                    "rotation": 90
                },
                "south": {
                    "uv": [8.75,0,9,5],
                    "texture": "#all",
                    "rotation": 90
                }
            }
        },
        {
            "from": [5,8,-2],
            "to": [6,8,20],
            "faces": {
                "up": {
                    "uv": [10,0,10.25,0.5],
                    "texture": "#all"
                },
                "down": {
                    "uv": [10,0,10.25,0.5],
                    "texture": "#all"
                }
            }
        },
        {
            "from": [-8,6,-2],
            "to": [6,7,18],
            "faces": {
                "up": {
                    "uv": [1.5,0,1.75,0.25],
                    "texture": "#all"
                },
                "down": {
                    "uv": [5.5,0,9,5],
                    "texture": "#all",
                    "rotation": 180
                },
                "west": {
                    "uv": [8.75,0,9,5],
                    "texture": "#all",
                    "rotation": 270
                },
                "east": {
                    "uv": [8.75,0,9,5],
                    "texture": "#all",
                    "rotation": 90
                },
                "north": {
                    "uv": [8.75,0,9,5],
                    "texture": "#all",
                    "rotation": 90
                },
                "south": {
                    "uv": [8.75,0,9,5],
                    "texture": "#all",
                    "rotation": 90
                }
            }
        },
        {
            "from": [6,5,-2],
            "to": [10,6,18],
            "faces": {
                "up": {
                    "uv": [5.75,0,6,0.25],
                    "texture": "#all"
                },
                "down": {
                    "uv": [4.25,0,5,5],
                    "texture": "#all",
                    "rotation": 180
                },
                "west": {
                    "uv": [4,0,4.25,5],
                    "texture": "#all",
                    "rotation": 270
                },
                "east": {
                    "uv": [5.25,0,5.5,5],
                    "texture": "#all",
                    "rotation": 90
                },
                "north": {
                    "uv": [8.75,0,9,5],
                    "texture": "#all",
                    "rotation": 90
                },
                "south": {
                    "uv": [8.75,0,9,5],
                    "texture": "#all",
                    "rotation": 90
                }
            }
        },
        {
            "from": [10,7,-2],
            "to": [23,8,18],
            "faces": {
                "up": {
                    "uv": [9.75,0,10,5],
                    "texture": "#all",
                    "rotation": 180
                },
                "down": {
                    "uv": [0,0,3.5,5],
                    "texture": "#all",
                    "rotation": 180
                },
                "west": {
                    "uv": [9,0,9.25,5],
                    "texture": "#all",
                    "rotation": 270
                },
                "east": {
                    "uv": [9,0,9.25,5],
                    "texture": "#all",
                    "rotation": 90
                },
                "north": {
                    "uv": [9,0,9.25,5],
                    "texture": "#all",
                    "rotation": 90
                },
                "south": {
                    "uv": [9,0,9.25,5],
                    "texture": "#all",
                    "rotation": 90
                }
            }
        },
        {
            "from": [-7,7,-2],
            "to": [6,8,18],
            "faces": {
                "up": {
                    "uv": [9.75,0,10,5],
                    "texture": "#all"
                },
                "down": {
                    "uv": [5.5,0,9,5],
                    "texture": "#all",
                    "rotation": 180
                },
                "west": {
                    "uv": [9,0,9.25,5],
                    "texture": "#all",
                    "rotation": 270
                },
                "east": {
                    "uv": [9,0,9.25,5],
                    "texture": "#all",
                    "rotation": 90
                },
                "north": {
                    "uv": [9,0,9.25,5],
                    "texture": "#all",
                    "rotation": 90
                },
                "south": {
                    "uv": [9,0,9.25,5],
                    "texture": "#all",
                    "rotation": 90
                }
            }
        },
        {
            "from": [10,8,-2],
            "to": [21,9,18],
            "faces": {
                "up": {
                    "uv": [9.75,0,10,5],
                    "texture": "#all",
                    "rotation": 180
                },
                "down": {
                    "uv": [0,0,3.5,5],
                    "texture": "#all",
                    "rotation": 180
                },
                "west": {
                    "uv": [9,0,9.25,5],
                    "texture": "#all",
                    "rotation": 270
                },
                "east": {
                    "uv": [9,0,9.25,5],
                    "texture": "#all",
                    "rotation": 90
                },
                "north": {
                    "uv": [9,0,9.25,5],
                    "texture": "#all",
                    "rotation": 90
                },
                "south": {
                    "uv": [9,0,9.25,5],
                    "texture": "#all",
                    "rotation": 90
                }
            }
        },
        {
            "from": [-5,8,-2],
            "to": [6,9,18],
            "faces": {
                "up": {
                    "uv": [9.75,0,10,5],
                    "texture": "#all",
                    "rotation": 180
                },
                "down": {
                    "uv": [0,0,3.5,5],
                    "texture": "#all",
                    "rotation": 180
                },
                "west": {
                    "uv": [9,0,9.25,5],
                    "texture": "#all",
                    "rotation": 270
                },
                "east": {
                    "uv": [9,0,9.25,5],
                    "texture": "#all",
                    "rotation": 90
                },
                "north": {
                    "uv": [9,0,9.25,5],
                    "texture": "#all",
                    "rotation": 90
                },
                "south": {
                    "uv": [9,0,9.25,5],
                    "texture": "#all",
                    "rotation": 90
                }
            }
        },
        {
            "from": [6,6,-2],
            "to": [10,8,18],
            "faces": {
                "up": {
                    "uv": [9.75,0,10,5],
                    "texture": "#all",
                    "rotation": 180
                },
                "down": {
                    "uv": [0,0,3.5,5],
                    "texture": "#all",
                    "rotation": 180
                },
                "west": {
                    "uv": [9,0,9.25,5],
                    "texture": "#all",
                    "rotation": 270
                },
                "east": {
                    "uv": [9,0,9.25,5],
                    "texture": "#all",
                    "rotation": 90
                },
                "north": {
                    "uv": [9,0,9.25,5],
                    "texture": "#all",
                    "rotation": 90
                },
                "south": {
                    "uv": [9,0,9.25,5],
                    "texture": "#all",
                    "rotation": 90
                }
            }
        }
    ]
}